<?xml version="1.0"?>
<COLLADA xmlns:xsi="http://www.w3.org/2001/XMLSchema-instance" xmlns:xsd="http://www.w3.org/2001/XMLSchema" version="1.4.1" xmlns="http://www.collada.org/2005/11/COLLADASchema">
  <asset>
    <created>2021-07-31T11:11:05.7023469-06:00</created>
    <modified>2021-07-31T11:11:05.7023469-06:00</modified>
  </asset>
  <library_images>
    <image id="yadoran_bd_00">
      <init_from>./yadoran_bd_00.png</init_from>
    </image>
    <image id="yadoran_ey_00">
      <init_from>./yadoran_ey_00.png</init_from>
    </image>
  </library_images>
  <library_materials>
    <material id="body_mat_id" name="body_mat">
      <instance_effect url="#body_eff_id" />
    </material>
    <material id="eye_mat_id" name="eye_mat">
      <instance_effect url="#eye_eff_id" />
    </material>
  </library_materials>
  <library_effects>
    <effect id="body_eff_id" name="body_eff">
      <profile_COMMON>
        <newparam sid="body_surf">
          <surface type="2D">
            <init_from>yadoran_bd_00</init_from>
            <format>PNG</format>
          </surface>
        </newparam>
        <newparam sid="body_samp">
          <sampler2D>
            <source>body_surf</source>
            <wrap_s>WRAP</wrap_s>
            <wrap_t>WRAP</wrap_t>
            <minfilter>LINEAR_MIPMAP_LINEAR</minfilter>
            <magfilter>LINEAR</magfilter>
            <mipfilter>LINEAR</mipfilter>
          </sampler2D>
        </newparam>
        <technique sid="body_tech">
          <phong>
            <diffuse>
              <texture texture="body_samp" texcoord="uv" />
            </diffuse>
          </phong>
        </technique>
      </profile_COMMON>
    </effect>
    <effect id="eye_eff_id" name="eye_eff">
      <profile_COMMON>
        <newparam sid="eye_surf">
          <surface type="2D">
            <init_from>yadoran_ey_00</init_from>
            <format>PNG</format>
          </surface>
        </newparam>
        <newparam sid="eye_samp">
          <sampler2D>
            <source>eye_surf</source>
            <wrap_s>WRAP</wrap_s>
            <wrap_t>WRAP</wrap_t>
            <minfilter>LINEAR_MIPMAP_LINEAR</minfilter>
            <magfilter>LINEAR</magfilter>
            <mipfilter>LINEAR</mipfilter>
          </sampler2D>
        </newparam>
        <technique sid="eye_tech">
          <phong>
            <diffuse>
              <texture texture="eye_samp" texcoord="uv" />
            </diffuse>
          </phong>
        </technique>
      </profile_COMMON>
    </effect>
  </library_effects>
  <library_geometries>
    <geometry id="yadoran_00_0_0_geo_id" name="yadoran_00_0_0">
      <mesh>
        <source id="yadoran_00_0_0_Position_id" name="yadoran_00_0_0_Position">
          <float_array id="yadoran_00_0_0_Position_array_id" count="2268">0.341172 0.71934 -0.00271156 0.305254 0.966681 0.061518 0.368985 0.813769 0.227465 0.190318 0.744797 -0.135799 0.171443 0.985692 -0.0795415 0 0.752518 -0.19528 0 0.993287 -0.12352 -0.190317 0.744797 -0.135799 -0.171442 0.985692 -0.0795415 -0.341171 0.71934 -0.00271156 -0.305253 0.966681 0.061518 0.170944 0.903925 0.467776 0.258251 0.80107 0.442572 0.231942 0.906586 0.426955 0.197362 0.799786 0.50041 0 0.7984 0.56285 0 0.899547 0.524255 -0.25825 0.80107 0.442572 -0.197361 0.799786 0.50041 -0.170943 0.903925 0.467776 0.277957 0.989838 0.330423 0.21973 1.014 0.414669 0.280994 1.09944 0.347727 0.305829 1.11985 0.251328 0.331722 0.948034 0.222134 0.286924 1.15627 0.12406 0.389209 0.704937 0.205484 0.35827 0.686134 0.352181 0.332695 0.761303 0.364051 -0.368984 0.813769 0.227465 -0.231941 0.906586 0.426955 -0.219728 1.014 0.414669 -0.280992 1.09944 0.347727 -0.277956 0.989838 0.330423 -0.331721 0.948034 0.222134 -0.305827 1.11985 0.251328 -0.286923 1.15627 0.12406 -0.389208 0.704937 0.205484 -0.332693 0.761303 0.364051 -0.25825 0.80107 0.442572 -0.231941 0.906586 0.426955 -0.301245 0.929115 0.530249 -0.325726 0.813493 0.511997 -0.332693 0.761303 0.364051 -0.407457 0.785262 0.449332 -0.368984 0.813769 0.227465 -0.332693 0.761303 0.364051 -0.407457 0.785262 0.449332 -0.345033 1.0069 0.474961 -0.277956 0.989838 0.330423 -0.430396 0.986386 0.406987 -0.470624 0.868241 0.397318 -0.331721 0.948034 0.222134 0 0.0587597 0.134867 0 0.123321 0.35082 -0.158857 0.0981496 0.151658 -0.186226 0.146949 0.336134 0.186227 0.146949 0.336134 0.158858 0.0981496 0.151658 0 0.250234 0.494295 -0.212561 0.267452 0.450377 0.212562 0.267452 0.450377 0 0.447576 0.60039 -0.226076 0.46084 0.534619 0.226078 0.46084 0.534619 0.226446 0.685137 0.536339 -0.358268 0.686134 0.352181 -0.226445 0.685137 0.536339 0 0.682832 0.606947 0.325727 0.813494 0.511997 0.332695 0.761303 0.364051 0.407458 0.785262 0.449332 0.368985 0.813769 0.227465 0.407458 0.785262 0.449332 0.332695 0.761303 0.364051 0.258251 0.80107 0.442572 0.301246 0.929115 0.530249 0.231942 0.906586 0.426955 0.345034 1.0069 0.474961 0.277957 0.989838 0.330423 0.430397 0.986386 0.406987 0.331722 0.948034 0.222134 0.470625 0.868241 0.397318 0.49707 1.0043 0.549533 0.429335 1.0112 0.605592 0.40092 0.93723 0.646235 0.353259 0.816177 0.536472 0.434175 0.796691 0.475637 0.442919 0.842194 0.625304 0.508438 0.839039 0.57108 0.539109 0.910047 0.52856 0.508438 0.839039 0.57108 0.434175 0.796691 0.475637 0.522234 0.942306 0.62812 0.499852 0.944693 0.64641 0.536316 0.936918 0.675612 0.51461 0.916411 0.638885 0.51461 0.916411 0.638885 0.498305 0.971561 0.626975 0.473175 0.972305 0.641434 0.50713 0.978689 0.679412 0.493767 0.946805 0.641503 0.493767 0.946805 0.641503 0.530579 0.910233 0.611715 0.511692 0.912971 0.633554 0.551992 0.892725 0.657235 0.519246 0.884522 0.619136 0.519246 0.884522 0.619136 0.466819 0.943318 0.659742 0.518372 0.934834 0.648137 0.476146 0.983158 0.641262 0.511777 0.977526 0.614347 0.493509 0.885387 0.64569 0.539182 0.919684 0.60144 0.527923 0.88092 0.616853 0.527923 0.88092 0.616853 -0.497068 1.0043 0.549533 -0.429334 1.0112 0.605592 -0.400919 0.93723 0.646235 -0.353258 0.816177 0.536472 -0.434174 0.796691 0.475637 -0.442918 0.842194 0.625304 -0.539108 0.910047 0.52856 -0.508436 0.839039 0.57108 -0.434174 0.796691 0.475637 -0.508436 0.839039 0.57108 -0.522233 0.942306 0.62812 -0.536314 0.936919 0.675612 -0.499851 0.944693 0.64641 -0.514609 0.916411 0.638885 -0.514609 0.916411 0.638885 -0.498303 0.971562 0.626975 -0.507128 0.978689 0.679412 -0.473173 0.972306 0.641434 -0.493765 0.946805 0.641503 -0.493765 0.946805 0.641503 -0.530577 0.910233 0.611716 -0.551991 0.892725 0.657235 -0.51169 0.912971 0.633554 -0.519244 0.884522 0.619136 -0.519244 0.884522 0.619136 -0.466818 0.943318 0.659742 -0.476145 0.983158 0.641262 -0.518371 0.934834 0.648137 -0.511775 0.977527 0.614347 -0.493508 0.885387 0.64569 -0.53918 0.919685 0.60144 -0.527922 0.88092 0.616853 -0.527922 0.88092 0.616853 0 1.11453 0.301242 -0.128853 1.09556 0.383241 0 1.14644 0.504474 -0.0813063 1.13378 0.501598 -0.144129 1.10447 0.494064 -0.163651 1.08561 0.481295 0 1.19971 0.455201 -0.195523 1.09103 0.522448 -0.139802 1.11313 0.609514 0 1.12571 0.66982 0.0813074 1.13378 0.501598 0.128854 1.09556 0.383241 0.14413 1.10447 0.494064 0.163652 1.08561 0.481295 0.195524 1.09103 0.522448 0.139803 1.11313 0.609514 -0.362115 1.44114 0.311545 -0.342767 1.43866 0.277496 -0.36597 1.36022 0.298771 -0.342465 1.36843 0.267053 -0.338963 1.42253 0.347673 -0.362115 1.44114 0.311545 -0.343457 1.3654 0.338686 -0.36597 1.36022 0.298771 -0.141941 1.08111 0.597282 -0.171159 1.13102 0.610643 -0.172945 1.12161 0.561569 -0.124648 1.13515 0.620454 -0.124648 1.13515 0.620454 -0.0531781 1.01258 0.579901 0 1.01069 0.586061 -0.0511769 1.04335 0.594041 0 1.04069 0.599857 0 1.02366 0.631453 -0.0627214 1.02709 0.626093 -0.287603 1.48275 0.318917 -0.27244 1.46408 0.280963 -0.287603 1.48275 0.318917 -0.284198 1.44922 0.353344 -0.209268 1.45633 0.321288 -0.276034 1.36563 0.353702 -0.320747 1.30745 0.291671 -0.30731 1.33006 0.337427 -0.320747 1.30745 0.291671 -0.29274 1.32768 0.26096 -0.264315 1.31678 0.331644 0 1.02366 0.631453 -0.0627214 1.02709 0.626093 0 1.00801 0.636253 -0.0671466 1.01292 0.629989 0 0.98262 0.595429 -0.137638 1.04137 0.523367 -0.248924 1.13054 0.419591 -0.222942 1.07867 0.432827 -0.244974 1.08335 0.461456 -0.133756 1.02269 0.486185 -0.160906 1.04013 0.576634 -0.155921 1.01811 0.533307 0 0.985021 0.535588 -0.153147 1.05538 0.576117 -0.153147 1.05538 0.576117 -0.226653 1.4271 0.352483 -0.209268 1.45633 0.321288 -0.205565 1.39508 0.350678 -0.179415 1.2182 0.560075 -0.161834 1.23631 0.509649 -0.225571 1.18691 0.458627 -0.248924 1.13054 0.419591 -0.225571 1.18691 0.458627 -0.270632 1.27178 0.371287 -0.204993 1.35632 0.41644 -0.205565 1.39508 0.350678 -0.264315 1.31678 0.331644 -0.195523 1.09103 0.522448 -0.246982 1.09418 0.507336 -0.261968 1.12472 0.480349 -0.169295 1.10677 0.628668 -0.139802 1.11313 0.609514 -0.189171 1.15425 0.623417 -0.0926984 1.2623 0.60688 -0.0955815 1.18822 0.676312 0 1.27522 0.620163 0 1.20029 0.688848 -0.0846248 1.12877 0.683991 0 1.13679 0.693337 0 1.12571 0.66982 0.342466 1.36843 0.267053 0.342768 1.43866 0.277496 0.365972 1.36022 0.298771 0.362116 1.44114 0.311545 0.338964 1.42253 0.347673 0.343458 1.3654 0.338686 0.362116 1.44114 0.311545 0.365972 1.36022 0.298771 0.141942 1.08111 0.597282 0.172946 1.12161 0.561569 0.17116 1.13102 0.610643 0.124649 1.13515 0.620454 0.124649 1.13515 0.620454 0.051178 1.04335 0.594041 0.0531792 1.01258 0.579901 0.0627225 1.02709 0.626093 0.245381 1.36344 0.253375 0.272441 1.46408 0.280963 0.287604 1.48275 0.318917 0.284199 1.44922 0.353344 0.287604 1.48275 0.318917 0.209269 1.45633 0.321288 0.276035 1.36563 0.353702 0.292741 1.32768 0.26096 0.320748 1.30745 0.291671 0.320748 1.30745 0.291671 0.307311 1.33006 0.337427 0.215471 1.40375 0.267971 0.0671477 1.01292 0.629989 0.0627225 1.02709 0.626093 0.137639 1.04137 0.523367 0.248926 1.13054 0.419591 0.244975 1.08335 0.461456 0.222943 1.07867 0.432827 0.133757 1.02269 0.486185 0.155922 1.01811 0.533307 0.160907 1.04013 0.576634 0.153148 1.05538 0.576117 0.153148 1.05538 0.576117 0.226654 1.4271 0.352483 0.209269 1.45633 0.321288 0.190114 1.42518 0.314144 0.190114 1.42518 0.314144 0.125594 1.46391 0.219252 0.190114 1.42518 0.314144 0.215471 1.40375 0.267971 0.179416 1.2182 0.560075 0.225572 1.18691 0.458627 0.161835 1.23631 0.509649 0.246983 1.09418 0.507336 0.195524 1.09103 0.522448 0.261969 1.12472 0.480349 0.0807493 1.27865 0.534444 0.0926996 1.2623 0.60688 0.169296 1.10677 0.628668 0.139803 1.11313 0.609514 0.0955826 1.18822 0.676312 0.189172 1.15425 0.623417 0.0846259 1.12877 0.683991 0.264316 1.31678 0.331644 0.278684 1.30211 0.281995 0.278684 1.30211 0.281995 0.248926 1.13054 0.419591 0.270633 1.27178 0.371287 0.225572 1.18691 0.458627 0.264316 1.31678 0.331644 0.278684 1.30211 0.281995 0.263594 1.32682 0.192802 0.245381 1.36344 0.253375 0.150548 1.39051 0.104776 -0.24538 1.36344 0.253375 -0.21547 1.40375 0.267971 -0.278683 1.30211 0.281995 -0.278683 1.30211 0.281995 -0.278683 1.30211 0.281995 -0.24538 1.36344 0.253375 -0.263593 1.32682 0.192802 -0.190113 1.42518 0.314144 0.205566 1.39508 0.350678 0.204994 1.35632 0.41644 0.205566 1.39508 0.350678 -0.190113 1.42518 0.314144 0 1.4261 0.450552 -0.0913244 1.41126 0.444195 0 1.29415 0.541251 -0.0807482 1.27865 0.534444 0 1.29415 0.541251 -0.0807482 1.27865 0.534444 0.0807493 1.27865 0.534444 0.0913255 1.41126 0.444195 -0.104042 1.47433 0.339505 0 1.48566 0.340808 -0.190113 1.42518 0.314144 0.104044 1.47433 0.339505 0 1.48614 0.203115 0 1.41609 0.0609809 -0.125592 1.46391 0.219252 -0.21547 1.40375 0.267971 -0.150547 1.39051 0.104776 -0.222942 1.07867 0.432827 -0.133756 1.02269 0.486185 -0.138379 0.989851 0.471074 0 0.962698 0.521953 0 0.985021 0.535588 0.133757 1.02269 0.486185 0.13838 0.989851 0.471074 0.222943 1.07867 0.432827 0.162173 1.1974 -0.000646717 0 1.21735 -0.043257 -0.162171 1.1974 -0.000646717 0.372843 0.534185 -0.015104 0.214787 0.535031 -0.176146 0 0.575996 -0.237461 -0.214786 0.535031 -0.176146 0.2674 0.198076 0.312826 0.395023 0.575458 0.17993 0.319081 0.339869 0.402652 0.369147 0.521604 0.338199 0.256307 0.199691 -0.0215693 0.164343 0.149357 -0.181003 0.263638 0.383075 -0.210503 0.332613 0.390723 -0.0727431 -0.372842 0.534185 -0.015104 -0.267399 0.198076 0.312826 -0.319079 0.339869 0.402652 -0.395022 0.575458 0.17993 -0.369146 0.521604 0.338199 -0.256305 0.199691 -0.0215693 -0.164342 0.149357 -0.181003 -0.263637 0.383075 -0.210503 -0.332612 0.390723 -0.0727431 0 0.0934464 -0.157092 0 0.0934464 -0.157092 0.106987 0.119293 -0.346449 0.164343 0.149357 -0.181003 0.106987 0.119293 -0.346449 0 0.0934464 -0.157092 -0.164342 0.149357 -0.181003 0.486804 0.425416 -0.56522 0.263638 0.383075 -0.210503 0.353914 0.315895 -0.686079 0.0717128 0.542038 -0.560681 0.0629916 0.607035 -0.610148 0.0721156 0.583513 -0.638179 0.08935 0.618046 -0.583101 0.08935 0.618046 -0.583101 0.115231 0.685881 -0.43582 0.126309 0.676501 -0.483799 0.104242 0.535603 -0.391713 0.151948 0.682039 -0.397724 0.151948 0.682039 -0.397724 0.146136 0.599448 -0.331707 0.153408 0.661781 -0.332218 0.155236 0.654159 -0.36854 0.182961 0.642662 -0.308511 0.182961 0.642662 -0.308511 0.367769 0.47082 -0.2295 0.428031 0.495838 -0.24274 0.412653 0.511324 -0.212667 0.375627 0.530845 -0.219663 0.375627 0.530845 -0.219663 0.521784 0.446981 -0.301425 0.503473 0.460558 -0.256782 0.36784 0.38262 -0.270155 0.467243 0.499052 -0.252325 0.467243 0.499052 -0.252325 0.559774 0.300492 -0.413295 0.563363 0.316636 -0.379401 0.482692 0.303519 -0.371157 0.547848 0.351948 -0.371664 0.547848 0.351948 -0.371664 0.729935 0.0607672 -0.765907 0.538082 0.116248 -0.617465 0.541151 0.155214 -0.728708 0.637813 0.17712 -0.618924 0.538082 0.116248 -0.617465 0.633396 0.224729 -0.721979 0.854086 1.05281 -0.924596 0.771932 0.978931 -0.962987 0.791869 0.95657 -0.910179 0.938464 0.757649 -0.701846 0.83268 0.7207 -0.689655 0.863707 0.713998 -0.739171 0.845841 0.779551 -0.696344 0.184525 0.259161 -1.09271 0.162378 0.270221 -0.848485 0.163091 0.362239 -0.90944 0.260865 0.258184 -0.896113 0.162378 0.270221 -0.848485 0.0644504 0.374508 -0.745744 0.162378 0.270221 -0.848485 0.251934 0.184585 -0.710894 0.337315 0.477711 -0.535305 0.243164 0.601236 -0.167531 0.0998046 0.659765 -0.387858 0.243164 0.601236 -0.167531 0.549181 0.477913 -0.156449 0.292582 0.712211 -0.13604 0.459846 0.450809 -0.221825 0.459846 0.450809 -0.221825 0.0546228 0.764938 -0.384515 0.0998046 0.659765 -0.387858 0.411132 0.131679 -0.356702 0.469461 0.139453 -0.558973 0.533318 0.187267 -0.467245 0.357802 0.149591 -0.753101 0.357802 0.149591 -0.753101 0.469461 0.139453 -0.558973 0.251934 0.184585 -0.710894 0.609713 0.238723 -0.345185 0.609713 0.238723 -0.345185 0.538082 0.116248 -0.617465 0.533318 0.187267 -0.467245 0.541151 0.155214 -0.728708 0.637813 0.17712 -0.618924 0.260865 0.258184 -0.896113 0.438834 0.205315 -0.844024 0.438834 0.205315 -0.844024 0.740314 0.320695 -0.440408 0.633396 0.224729 -0.721979 -0.0292164 0.609536 -0.639828 -0.0292164 0.609536 -0.639828 0.0187368 0.457178 -0.816471 0.0271032 0.481057 -0.700686 0.163091 0.362239 -0.90944 0.0858145 0.526446 -0.905031 0.656419 0.581523 -0.249231 0.0508949 0.72081 -0.758334 0.156881 0.871438 -0.479593 0.268781 0.878184 -0.558786 0.412347 0.823058 -0.25522 0.841576 0.781002 -1.07546 0.822824 0.795877 -0.985626 0.776257 0.76876 -0.999565 0.761284 0.798813 -0.635221 0.83268 0.7207 -0.689655 0.845841 0.779551 -0.696344 0.817383 0.830559 -1.03148 0.843311 0.942572 -0.934097 0.842769 0.988278 -0.98065 0.817383 0.830559 -1.03148 0.906255 1.02423 -1.07308 0.822824 0.795877 -0.985626 0.842769 0.988278 -0.98065 0.771932 0.978931 -0.962987 0.762853 0.809788 -1.03778 0.762853 0.809788 -1.03778 0.872755 0.768877 -0.745075 0.872755 0.768877 -0.745075 0.776257 0.76876 -0.999565 0.807504 0.877337 -0.691044 0.872755 0.768877 -0.745075 0.60466 0.998116 -0.803275 0.613323 0.989731 -0.866626 0.577843 1.08982 -0.865189 0.843311 0.942572 -0.934097 0.834123 0.82425 -0.852173 0.557105 0.983621 -0.875752 0.541066 0.981722 -0.80655 0.791869 0.95657 -0.910179 0.666658 0.945868 -0.904169 0.791869 0.95657 -0.910179 0.762853 0.809788 -1.03778 0.635318 0.86648 -1.00757 0.541066 0.981722 -0.80655 0.541066 0.981722 -0.80655 0.688905 0.975594 -0.716301 0.60466 0.998116 -0.803275 0.762314 0.923836 -0.826642 0.613323 0.989731 -0.866626 0.557105 0.983621 -0.875752 0.483845 0.925462 -0.971793 0.0644504 0.374508 -0.745744 -0.0448117 0.396293 -0.566961 0.0271032 0.481057 -0.700686 0.307657 0.334968 -0.642469 0.411132 0.131679 -0.356702 0.533318 0.187267 -0.467245 0.0271032 0.481057 -0.700686 -0.0448117 0.396293 -0.566961 0.251934 0.184585 -0.710894 0.115926 0.122447 -0.476418 -0.0759034 0.26433 -0.407249 0.0353433 0.0809759 -0.282576 0.224367 0.0900628 -0.268779 -0.0759034 0.26433 -0.407249 0.0353433 0.0809759 -0.282576 0.224367 0.0900628 -0.268779 0.625675 0.910846 -0.658222 0.50171 0.936433 -0.76044 0.258561 1.04463 -0.824709 0.240246 0.900605 -0.732562 0.317203 0.951569 -0.717677 0.397647 0.97314 -0.599484 0.317203 0.951569 -0.717677 0.240246 0.900605 -0.732562 0.551483 0.907263 -0.450959 0.530674 0.950789 -0.530902 0.355432 0.93614 -0.807515 0.355432 0.93614 -0.807515 0.6415 1.04227 -0.475759 0.551483 0.907263 -0.450959 0.63913 0.889429 -0.480828 0.530674 0.950789 -0.530902 0.551483 0.907263 -0.450959 0.618313 0.931208 -0.565744 0.63913 0.889429 -0.480828 0.618313 0.931208 -0.565744 0.480007 0.830951 -0.391013 0.78726 0.727216 -0.45122 0.676313 0.635052 -0.383648 0.842171 0.564034 -0.574931 0.744434 0.412063 -0.518075 0.985544 0.513755 -0.640574 0.81734 0.458164 -0.572682 0.827735 0.464612 -0.666891 0.81734 0.458164 -0.572682 0.842171 0.564034 -0.574931 0.263476 0.357747 -0.941606 0.263476 0.357747 -0.941606 0.636063 0.298737 -0.73317 0.164964 0.748368 -0.785298 0.455179 0.342139 -0.873938 0.455179 0.342139 -0.873938 0.74475 0.345037 -0.84161 0.827735 0.464612 -0.666891 0.268358 0.885668 -0.83554 0.268358 0.885668 -0.83554 0.276954 0.482897 -0.92162 0.433167 0.855946 -0.902811 0.268358 0.885668 -0.83554 0.236222 0.769047 -0.964207 0.351112 0.557808 -1.06619 0.849677 0.559797 -0.670537 0.849677 0.559797 -0.670537 0.849677 0.559797 -0.670537 0.748582 0.543827 -0.880464 0.544546 0.397886 -1.02083 0.544546 0.397886 -1.02083 0.893295 0.668467 -0.801922 0.863707 0.713998 -0.739171 0.814427 0.621217 -0.745299 0.613328 0.578249 -0.983579 0.471305 0.703138 -1.00687 0.613328 0.578249 -0.983579 0.812927 0.743349 -0.944401 0.776257 0.76876 -0.999565 0.705738 0.766607 -1.03027 0.705738 0.766607 -1.03027 0.81859 0.598861 -0.943406 0.677076 0.628206 -1.05764 0.525577 0.762125 -1.0818 0.677076 0.628206 -1.05764 0.385159 0.639096 -0.580568 -0.263637 0.383075 -0.210503 -0.038709 0.403759 -0.439268 0.353914 0.315895 -0.686079 0.249881 0.520781 -0.703402 0.214787 0.535031 -0.176146 0 0.575996 -0.237461 -0.214786 0.535031 -0.176146 -0.228902 0.15403 0.166685 -0.253244 0.0956732 0.183769 -0.25469 0.0976618 0.0609385 -0.228902 0.15403 0.166685 -0.267399 0.198076 0.312826 -0.29666 0.099262 0.277725 -0.253244 0.0956732 0.183769 -0.228902 0.15403 0.166685 -0.395022 0.575458 0.17993 -0.460879 0.5121 0.167885 -0.468287 0.475014 0.319046 -0.537336 0.391229 0.156374 -0.421436 0.483515 -0.0076496 -0.474897 0.388197 0.0199307 -0.397133 0.199417 0.366529 -0.372166 0.101307 0.289727 -0.319079 0.339869 0.402652 -0.436845 0.34192 0.397768 -0.541885 0.386083 0.297058 -0.425528 0.101428 0.248523 -0.52173 0.218337 0.293415 -0.523001 0.225748 0.156559 -0.430184 0.0990021 0.151836 -0.400352 0.100049 0.0548541 -0.256305 0.199691 -0.0215693 -0.324334 0.101265 0.0231751 -0.46968 0.228711 0.0269939 -0.332612 0.390723 -0.0727431 -0.372842 0.534185 -0.015104 -0.369146 0.521604 0.338199 -0.454554 0.0761294 0.347956 -0.387357 0.043646 0.352229 -0.372166 0.101307 0.289727 -0.324632 0.0761294 0.37504 -0.29666 0.099262 0.277725 -0.266959 0.043618 0.371998 -0.214218 0.0466521 0.203359 -0.253244 0.0956732 0.183769 -0.228105 0.0467149 0.0529485 -0.25469 0.0976618 0.0609385 -0.50537 0.0436147 0.321497 -0.425528 0.101428 0.248523 -0.47918 0.046775 0.150505 -0.409416 0.04688 0.0226645 -0.400352 0.100049 0.0548541 -0.430184 0.0990021 0.151836 -0.324334 0.101265 0.0231751 -0.310107 0.0467587 -0.0128794 -0.324334 0.101265 0.0231751 -0.310107 0.0467587 -0.0128794 -0.401985 0.000128391 0.0283494 -0.311513 0.000259424 -0.00378448 -0.311513 0.000259424 -0.00378448 -0.234323 0.000323472 0.05713 -0.401985 0.000128391 0.0283494 -0.22183 0 0.20266 -0.469446 0 0.153939 -0.384124 0 0.337287 -0.488677 0 0.310827 -0.488677 0 0.310827 -0.384124 0 0.337287 -0.489076 0.00441584 0.446861 -0.387357 0.043646 0.352229 -0.384124 0 0.337287 -0.469446 0 0.153939 -0.488677 0 0.310827 -0.50537 0.0436147 0.321497 -0.342026 0.00441586 0.482332 -0.384124 0 0.337287 -0.277765 0 0.355386 -0.277765 0 0.355386 -0.387357 0.043646 0.352229 -0.324632 0.0761294 0.37504 -0.266959 0.043618 0.371998 -0.277765 0 0.355386 -0.454554 0.0761294 0.347956 -0.234323 0.000323472 0.05713 -0.311513 0.000259424 -0.00378448 -0.22183 0 0.20266 -0.277765 0 0.355386 0.228903 0.15403 0.166685 0.254691 0.0976618 0.0609385 0.253245 0.0956732 0.183769 0.228903 0.15403 0.166685 0.2674 0.198076 0.312826 0.253245 0.0956732 0.183769 0.296661 0.099262 0.277725 0.228903 0.15403 0.166685 0.395023 0.575458 0.17993 0.468288 0.475014 0.319046 0.46088 0.5121 0.167885 0.537337 0.391229 0.156374 0.421437 0.483515 -0.0076496 0.474898 0.388197 0.0199307 0.397134 0.199417 0.366529 0.372167 0.101307 0.289727 0.319081 0.339869 0.402652 0.436846 0.34192 0.397768 0.541886 0.386083 0.297058 0.425529 0.101428 0.248523 0.521731 0.218337 0.293415 0.430185 0.0990021 0.151836 0.523002 0.225748 0.156559 0.400353 0.100049 0.0548541 0.256307 0.199691 -0.0215693 0.324335 0.101265 0.0231751 0.469681 0.228711 0.0269939 0.332613 0.390723 -0.0727431 0.372843 0.534185 -0.015104 0.369147 0.521604 0.338199 0.454555 0.0761294 0.347956 0.372167 0.101307 0.289727 0.387358 0.043646 0.352229 0.324634 0.0761294 0.37504 0.296661 0.099262 0.277725 0.266961 0.043618 0.371998 0.214219 0.0466521 0.203359 0.253245 0.0956732 0.183769 0.254691 0.0976618 0.0609385 0.228106 0.0467149 0.0529485 0.505371 0.0436147 0.321497 0.425529 0.101428 0.248523 0.479181 0.046775 0.150505 0.430185 0.0990021 0.151836 0.400353 0.100049 0.0548541 0.409418 0.04688 0.0226645 0.310108 0.0467587 -0.0128794 0.324335 0.101265 0.0231751 0.310108 0.0467587 -0.0128794 0.324335 0.101265 0.0231751 0.311515 0.000259424 -0.00378448 0.401986 0.000128391 0.0283494 0.311515 0.000259424 -0.00378448 0.401986 0.000128391 0.0283494 0.234324 0.000323472 0.05713 0.469447 0 0.153939 0.221831 0 0.20266 0.384125 0 0.337287 0.488678 0 0.310827 0.488678 0 0.310827 0.489077 0.00441584 0.446861 0.384125 0 0.337287 0.387358 0.043646 0.352229 0.384125 0 0.337287 0.469447 0 0.153939 0.488678 0 0.310827 0.505371 0.0436147 0.321497 0.342028 0.00441586 0.482332 0.277767 0 0.355386 0.384125 0 0.337287 0.277767 0 0.355386 0.387358 0.043646 0.352229 0.324634 0.0761294 0.37504 0.266961 0.043618 0.371998 0.277767 0 0.355386 0.454555 0.0761294 0.347956 0.311515 0.000259424 -0.00378448 0.234324 0.000323472 0.05713 0.221831 0 0.20266 0.277767 0 0.355386</float_array>
          <technique_common>
            <accessor source="#yadoran_00_0_0_Position_array_id" count="756" stride="3">
              <param name="X" type="float" />
              <param name="Y" type="float" />
              <param name="Z" type="float" />
            </accessor>
          </technique_common>
        </source>
        <source id="yadoran_00_0_0_Normal_id" name="yadoran_00_0_0_Normal">
          <float_array id="yadoran_00_0_0_Normal_array_id" count="2268">0.889506 0.204867 -0.408421 0.899785 0.234184 -0.368164 0.990134 -0.0377498 -0.13494 0.502945 0.23421 -0.831981 0.504354 0.287747 -0.814143 0 0.247879 -0.968791 0 0.308115 -0.951349 -0.502945 0.23421 -0.831981 -0.504354 0.287747 -0.814143 -0.889507 0.204867 -0.408421 -0.899785 0.234184 -0.368164 0.4822 0.230707 0.845137 0.324683 0.0176082 0.945659 -0.0810762 0.465028 0.881575 0.468078 0.367933 0.803448 0 0.361154 0.932506 0 0.217915 0.975968 -0.207498 -0.00872277 0.978197 -0.468078 0.367934 0.803448 -0.4822 0.230707 0.845137 0.707598 0.606619 0.362379 0.701583 -0.0485834 0.71093 0.899555 -0.106995 0.423501 0.987062 0.0801523 0.138867 0.898372 0.377044 -0.225313 0.855338 0.27499 -0.439064 0.991049 0.133316 0.00695544 0.890184 0.139429 0.433742 0.577265 -0.694257 0.42985 -0.97615 -0.0888317 -0.198093 0.0810757 0.465028 0.881576 -0.701583 -0.0485832 0.71093 -0.904603 -0.0987733 0.414653 -0.707598 0.606619 0.36238 -0.898372 0.377044 -0.225313 -0.991449 0.0966408 0.087694 -0.855989 0.275762 -0.437308 -0.984553 0.160964 0.0688875 -0.792232 -0.40183 0.45924 -0.207498 -0.00872277 0.978197 0.0810757 0.465028 0.881576 0.77053 0.144478 0.620814 0.359013 -0.757584 0.54514 -0.792232 -0.40183 0.45924 -0.386278 -0.922076 -0.0237776 -0.97615 -0.0888317 -0.198093 -0.792232 -0.40183 0.45924 -0.386278 -0.922076 -0.0237776 0.341607 0.933412 0.109753 -0.707598 0.606619 0.36238 -0.524746 0.756414 -0.390486 -0.859851 -0.276053 -0.429478 -0.898372 0.377044 -0.225313 0 -0.997712 0.0676127 0 -0.873607 0.486633 -0.492989 -0.869722 0.0233413 -0.382527 -0.821796 0.422285 0.382527 -0.821796 0.422285 0.492989 -0.869722 0.0233413 0 -0.598351 0.801234 -0.450186 -0.561621 0.6942 0.450186 -0.561621 0.6942 0 -0.243138 0.969992 -0.53561 -0.14955 0.831118 0.53561 -0.14955 0.831118 0.594665 0.201321 0.778359 -0.905091 0.125909 0.40615 -0.629124 0.203299 0.750248 0 0.110357 0.993892 -0.359012 -0.757584 0.545139 0.577265 -0.694257 0.42985 0.386279 -0.922076 -0.0237773 0.990134 -0.0377498 -0.13494 0.386279 -0.922076 -0.0237773 0.577265 -0.694257 0.42985 0.324683 0.0176082 0.945659 -0.77053 0.144477 0.620814 -0.0810762 0.465028 0.881575 -0.341607 0.933412 0.109753 0.707598 0.606619 0.362379 0.524746 0.756414 -0.390486 0.898372 0.377044 -0.225313 0.859851 -0.276053 -0.429478 0.500534 0.860333 -0.096398 -0.276466 0.843485 0.460544 -0.545243 0.0142635 0.838157 -0.450615 -0.651907 0.609888 0.330508 -0.941816 0.0612183 -0.038865 -0.770485 0.636273 0.686408 -0.724271 0.0653815 0.95692 0.0710307 -0.281529 0.686408 -0.724271 0.0653815 0.330508 -0.941816 0.0612183 0.846817 0.494867 -0.194958 -0.464709 0.517966 0.718162 0.719022 0.200465 0.665448 0.275447 -0.899402 0.33942 0.275447 -0.899402 0.33942 0.760119 0.614418 -0.211447 -0.67766 0.521793 0.518178 0.56657 0.461967 0.682338 0.366994 -0.771581 0.519594 0.366994 -0.771581 0.519594 0.886151 0.374603 -0.272782 -0.270875 0.453782 0.848945 0.835264 -0.0532675 0.547263 0.111663 -0.986894 0.1165 0.111663 -0.986894 0.1165 0.0116356 0.118982 0.992828 0.64519 0.137279 0.751588 0.246396 0.645661 0.72278 0.729343 0.611291 0.307216 0.275535 -0.408863 0.870007 0.979511 0.0906517 0.179834 0.77457 -0.419375 0.473463 0.77457 -0.419375 0.473463 -0.500533 0.860334 -0.0963977 0.276468 0.843485 0.460543 0.545246 0.014264 0.838155 0.450614 -0.651907 0.609889 -0.330508 -0.941816 0.0612195 0.0388656 -0.770484 0.636273 -0.956921 0.0710317 -0.281527 -0.686409 -0.72427 0.0653831 -0.330508 -0.941816 0.0612195 -0.686409 -0.72427 0.0653831 -0.846816 0.49487 -0.194952 -0.719016 0.200464 0.665455 0.464709 0.517959 0.718167 -0.275448 -0.899404 0.339414 -0.275448 -0.899404 0.339414 -0.76012 0.614417 -0.211447 -0.566566 0.461967 0.682341 0.677663 0.521793 0.518175 -0.366989 -0.771585 0.519592 -0.366989 -0.771585 0.519592 -0.886151 0.374601 -0.272782 -0.835259 -0.0532676 0.54727 0.270877 0.453787 0.848942 -0.111663 -0.986893 0.116508 -0.111663 -0.986893 0.116508 -0.0116326 0.118983 0.992828 -0.246394 0.645662 0.722779 -0.645189 0.13728 0.751589 -0.729342 0.611293 0.307217 -0.275533 -0.408862 0.870008 -0.979511 0.0906534 0.179835 -0.77457 -0.419373 0.473464 -0.77457 -0.419373 0.473464 0 0.514227 0.857654 0.0775183 0.966502 0.244674 0 0.948503 0.316767 -0.308228 0.89554 0.32094 -0.627873 0.64827 0.430723 -0.0888715 0.907089 0.411451 0 -0.996666 0.081594 0.844706 -0.17127 0.507088 0.24152 -0.970277 -0.015181 0 -0.993786 0.111305 0.308228 0.895541 0.32094 -0.0775189 0.966503 0.24467 0.627873 0.64827 0.430722 0.0888711 0.90709 0.411448 -0.844707 -0.17127 0.507087 -0.24152 -0.970277 -0.015181 -0.842304 0.534875 0.0665805 -0.393764 0.384853 -0.834768 -0.944287 -0.325134 -0.0510811 -0.494731 -0.159305 -0.85432 -0.449519 0.13735 0.882648 -0.842304 0.534875 0.0665805 -0.528607 -0.286475 0.799066 -0.944287 -0.325134 -0.0510811 -0.241548 -0.86933 0.431184 -0.591582 -0.512865 0.622094 -0.0977932 -0.69923 -0.708176 0.816953 -0.427438 0.387149 0.816953 -0.427438 0.387149 -0.151719 0.682534 0.714932 0 0.658821 0.7523 -0.417337 0.197509 0.887029 0 0.162806 0.986658 0 0.879145 0.476555 2.70349E-05 0.870565 0.492053 -0.0701515 0.978813 0.192362 0.108819 0.652009 -0.750362 -0.0701515 0.978813 0.192362 -0.0718667 0.370248 0.926149 0.620976 0.782223 -0.0501536 -0.039332 -0.173047 0.984128 -0.476703 -0.863347 -0.165486 -0.283285 -0.581765 0.76243 -0.476703 -0.863347 -0.165486 -0.161406 -0.462091 -0.872021 -0.576094 -0.293208 0.762985 0 0.879145 0.476555 2.70349E-05 0.870565 0.492053 0 -0.351349 0.936245 -0.348259 -0.528059 0.774513 0 -0.973394 0.229137 -0.0712819 0.737292 0.671803 -0.988944 -0.108124 0.10148 -0.824023 -0.501314 0.263953 -0.733625 -0.65643 -0.175767 -0.550889 -0.750469 0.365127 -0.620764 -0.293045 0.727171 -0.468367 -0.876636 0.110186 0 -0.885117 0.465369 0.00576527 0.814613 0.579976 0.00576527 0.814613 0.579976 0.37123 0.298875 0.879126 0.620976 0.782223 -0.0501536 -0.21997 0.470686 0.85444 -0.694761 0.669087 0.263876 -0.627873 0.64827 0.430723 -0.8542 0.446096 0.267095 -0.988944 -0.108124 0.10148 -0.8542 0.446096 0.267095 -0.90183 0.186006 0.390005 -0.655865 0.543412 0.52397 -0.21997 0.470686 0.85444 -0.576094 -0.293208 0.762985 0.844706 -0.17127 0.507088 -0.781119 -0.347083 0.519025 -0.982127 0.140099 0.125692 -0.241548 -0.86933 0.431184 0.24152 -0.970277 -0.015181 -0.746243 0.116297 0.655436 -0.380837 0.819206 0.428795 -0.377405 0.374602 0.846899 2.70349E-05 0.870565 0.492053 0 0.297917 0.954592 -0.191116 -0.529352 0.826596 0 -0.50725 0.861799 0 -0.993786 0.111305 0.494732 -0.159305 -0.85432 0.393764 0.384852 -0.834769 0.944287 -0.325134 -0.0510809 0.842304 0.534875 0.0665791 0.449519 0.137349 0.882648 0.528608 -0.286475 0.799066 0.842304 0.534875 0.0665791 0.944287 -0.325134 -0.0510809 0.241549 -0.86933 0.431183 0.0977932 -0.699231 -0.708175 0.591582 -0.512864 0.622094 -0.816953 -0.427439 0.387149 -0.816953 -0.427439 0.387149 0.417337 0.197509 0.887029 0.151719 0.682535 0.714932 2.70349E-05 0.870565 0.492053 0.280637 0.241203 -0.929013 -0.10882 0.652008 -0.750362 0.0701512 0.978813 0.192362 0.0718665 0.370248 0.926149 0.0701512 0.978813 0.192362 -0.620975 0.782224 -0.0501523 0.0393321 -0.173047 0.984128 0.161407 -0.462092 -0.87202 0.476703 -0.863347 -0.165486 0.476703 -0.863347 -0.165486 0.283285 -0.581764 0.762431 0.0126482 0.754286 -0.656424 0.348259 -0.528059 0.774513 2.70349E-05 0.870565 0.492053 0.0712821 0.737292 0.671803 0.988944 -0.108124 0.10148 0.733624 -0.656431 -0.175767 0.824023 -0.501314 0.263953 0.550889 -0.750469 0.365127 0.468367 -0.876636 0.110186 0.620764 -0.293045 0.727171 -0.00576469 0.814613 0.579976 -0.00576469 0.814613 0.579976 -0.37123 0.298875 0.879126 -0.620975 0.782224 -0.0501523 -0.100288 0.957186 0.271546 -0.100288 0.957186 0.271546 0.485792 0.851083 -0.19916 -0.100288 0.957186 0.271546 0.0126482 0.754286 -0.656424 0.694761 0.669087 0.263876 0.8542 0.446097 0.267096 0.627873 0.64827 0.430722 0.781119 -0.347083 0.519024 -0.844707 -0.17127 0.507087 0.982127 0.140099 0.125692 0.349155 0.776397 0.524688 0.380837 0.819206 0.428795 0.241549 -0.86933 0.431183 -0.24152 -0.970277 -0.015181 0.377405 0.374602 0.846899 0.746244 0.116297 0.655435 0.191116 -0.529352 0.826596 0.576094 -0.293208 0.762984 0.931111 -0.270633 -0.244521 0.931111 -0.270633 -0.244521 0.988944 -0.108124 0.10148 0.916255 0.170358 0.362568 0.8542 0.446097 0.267096 0.576094 -0.293208 0.762984 0.931111 -0.270633 -0.244521 0.814586 0.504393 -0.28642 0.280637 0.241203 -0.929013 0.552942 0.581485 -0.596766 -0.280637 0.241203 -0.929012 -0.0126478 0.754286 -0.656424 -0.93011 -0.284113 -0.232757 -0.93011 -0.284113 -0.232757 -0.93011 -0.284113 -0.232757 -0.280637 0.241203 -0.929012 -0.85394 0.451431 -0.258836 0.10029 0.957186 0.271547 0.21997 0.470688 0.854439 0.655865 0.543412 0.523969 0.21997 0.470688 0.854439 0.10029 0.957186 0.271547 0 0.779781 0.626052 -0.321379 0.66625 0.672924 0 0.827414 0.561593 -0.349155 0.776397 0.524688 0 0.827414 0.561593 -0.349155 0.776397 0.524688 0.349155 0.776397 0.524688 0.321379 0.66625 0.672924 -0.342221 0.89024 0.300595 0 0.968799 0.247847 0.10029 0.957186 0.271547 0.342221 0.89024 0.300594 0 0.984549 -0.175107 0 0.639545 -0.768753 -0.485792 0.851083 -0.199161 -0.0126478 0.754286 -0.656424 -0.552942 0.581485 -0.596766 -0.824023 -0.501314 0.263953 -0.550889 -0.750469 0.365127 -0.479358 -0.110928 0.870581 0 -0.184929 0.982752 0 -0.885117 0.465369 0.550889 -0.750469 0.365127 0.479358 -0.110928 0.870581 0.824023 -0.501314 0.263953 0.474693 0.391503 -0.788284 0 0.40702 -0.913419 -0.474693 0.391503 -0.788284 0.75531 0.370096 -0.540865 0.775078 0.44041 -0.453093 -0.267361 0.751376 -0.603285 -0.620693 0.347385 -0.702896 -0.0139748 -0.75727 0.652952 0.842304 0.534875 0.0665791 0.342208 -0.245878 0.906884 0.668407 0.304559 0.678584 0.36878 -0.656985 -0.657551 0.642941 -0.7656 -0.0219923 0.998098 -0.0348088 0.0508891 0.634455 -0.0113946 -0.772876 -0.75531 0.370096 -0.540865 0.0139749 -0.75727 0.652952 -0.342208 -0.245878 0.906884 -0.842304 0.534875 0.0665805 -0.668407 0.304559 0.678584 -0.36878 -0.656985 -0.657551 -0.57247 -0.708989 -0.411841 -0.833559 -0.102041 -0.542925 -0.634455 -0.0113946 -0.772876 0.0148727 -0.991892 -0.126212 0.0148727 -0.991892 -0.126212 0.0546404 -0.933499 -0.354392 0.642941 -0.7656 -0.0219923 0.0546404 -0.933499 -0.354392 0.0148727 -0.991892 -0.126212 -0.57247 -0.708989 -0.411841 0.849783 -0.441911 0.287375 0.998098 -0.0348088 0.0508891 -0.209077 -0.733316 -0.646943 -0.90562 -0.174229 0.386649 -0.964065 0.0664138 0.257233 -0.0190327 -0.881478 -0.471841 0.432192 0.161422 0.887216 0.432192 0.161422 0.887216 -0.953299 0.147128 0.26377 -0.100662 -0.53321 -0.839973 -0.961343 -0.0688387 0.266608 0.479358 -0.110928 0.870581 0.479358 -0.110928 0.870581 -0.907403 -0.272019 0.320351 -0.90344 0.108804 0.414679 -0.320205 -0.491831 -0.809674 0.356475 -0.659181 0.662123 0.356475 -0.659181 0.662123 -0.130625 -0.722836 0.678562 0.20661 -0.797575 -0.566734 0.0973529 -0.472022 0.876195 -0.99156 0.123172 0.0404747 -0.99156 0.123172 0.0404747 0.129814 -0.66697 -0.733689 0.230383 -0.539842 0.809626 0.0692492 -0.666961 0.741867 -0.745406 0.588416 0.313267 -0.745406 0.588416 0.313267 -0.373935 -0.675505 -0.635504 0.17694 -0.595787 0.783409 -0.097353 -0.64332 0.759383 -0.532836 0.721493 0.442191 -0.532836 0.721493 0.442191 0.627545 -0.690596 -0.359534 0.0368803 -0.977702 0.206735 0.0191104 -0.739761 -0.672599 0.810807 -0.513009 0.281804 0.0368803 -0.977702 0.206735 0.781233 -0.154991 -0.604692 0.34587 0.801605 0.487651 -0.412821 0.909562 -0.0477034 -0.000854151 0.75874 0.651393 0.94564 0.0101163 0.325058 0.4264 -0.401995 0.810298 0.810807 -0.513009 0.281804 0.582114 0.381223 0.718201 -0.296918 -0.362833 -0.883285 -0.646675 -0.721587 -0.247233 -0.691102 -0.000538504 -0.722757 0.141236 -0.818167 -0.557364 -0.646675 -0.721587 -0.247233 -0.805521 -0.514896 -0.293289 -0.646675 -0.721587 -0.247233 -0.421251 -0.885754 -0.194903 -0.5947 -0.643163 0.482362 -0.590342 -0.544244 0.596067 -0.67956 -0.629224 0.377194 -0.590342 -0.544244 0.596067 0.220941 -0.350984 0.909942 -0.133539 0.464981 0.875191 -0.497166 -0.734213 0.462339 -0.497166 -0.734213 0.462339 -0.869223 0.281054 0.406767 -0.67956 -0.629224 0.377194 0.590153 -0.117216 0.798736 0.0386193 -0.997925 0.0515155 -0.217231 -0.660315 0.718884 -0.172631 -0.943903 -0.281506 -0.172631 -0.943903 -0.281506 0.0386193 -0.997925 0.0515155 -0.421251 -0.885754 -0.194903 -0.00300217 -0.822251 0.569117 -0.00300217 -0.822251 0.569117 0.0368803 -0.977702 0.206735 -0.217231 -0.660315 0.718884 0.0191104 -0.739761 -0.672599 0.810807 -0.513009 0.281804 0.141236 -0.818167 -0.557364 0.263943 -0.568579 -0.779136 0.263943 -0.568579 -0.779136 0.936106 -0.261029 0.235733 0.781233 -0.154991 -0.604692 -0.908932 -0.310337 0.278447 -0.908932 -0.310337 0.278447 -0.902022 -0.272684 -0.334665 -0.816879 -0.305545 0.489234 -0.691102 -0.000538504 -0.722757 -0.400736 0.181989 -0.897937 0.707003 0.381845 0.595266 -0.67415 0.619939 -0.401493 -0.362491 0.91813 0.160121 -0.362775 0.927362 0.0916175 0.214813 0.874479 0.434904 0.542323 -0.44704 -0.711365 0.897873 -0.417048 -0.141048 0.247157 -0.819628 -0.51684 0.804382 0.410197 0.429777 0.4264 -0.401995 0.810298 0.582114 0.381223 0.718201 0.665941 0.0726919 -0.742454 0.734518 0.3573 0.576906 0.494091 0.867778 0.0532519 0.665941 0.0726919 -0.742454 0.780614 0.493372 -0.3837 0.897873 -0.417048 -0.141048 0.494091 0.867778 0.0532519 -0.412821 0.909562 -0.0477034 -0.102083 -0.169541 -0.980222 -0.102083 -0.169541 -0.980222 0.916598 0.395907 -0.0557275 0.916598 0.395907 -0.0557275 0.247157 -0.819628 -0.51684 0.692783 0.553674 0.462058 0.916598 0.395907 -0.0557275 0.277976 0.861568 0.42477 0.382983 0.79459 -0.471117 -0.0328007 0.970198 -0.240085 0.734518 0.3573 0.576906 0.967738 0.244934 0.0590788 -0.448615 0.65801 -0.604787 -0.578243 0.757047 0.304161 -0.000854151 0.75874 0.651393 0.00592509 0.988483 -0.151213 -0.000854151 0.75874 0.651393 -0.102083 -0.169541 -0.980222 -0.120763 0.576235 -0.808312 -0.578243 0.757047 0.304161 -0.578243 0.757047 0.304161 0.211725 0.921694 0.325044 0.277976 0.861568 0.42477 0.542246 0.826743 0.149882 0.382983 0.79459 -0.471117 -0.448615 0.65801 -0.604787 -0.501145 0.682771 -0.531675 -0.805521 -0.514896 -0.293289 -0.733225 0.654099 0.185839 -0.816879 -0.305545 0.489234 -0.0275611 0.605633 0.795267 0.590153 -0.117216 0.798736 -0.217231 -0.660315 0.718884 -0.816879 -0.305545 0.489234 -0.733225 0.654099 0.185839 -0.421251 -0.885754 -0.194903 -0.319919 -0.877703 -0.356777 -0.984501 -0.175163 0.00873689 -0.471068 -0.194275 0.860437 0.197704 -0.836574 0.510938 -0.984501 -0.175163 0.00873689 -0.471068 -0.194275 0.860437 0.197704 -0.836574 0.510938 0.177134 0.849519 0.496933 -0.00750086 0.994993 -0.0996584 -0.344619 0.908588 -0.236019 -0.820031 0.565995 0.0848422 -0.0701515 0.978813 0.192362 -0.249064 0.922489 0.294926 -0.0701515 0.978813 0.192362 -0.820031 0.565995 0.0848422 0.0340311 0.543441 0.838757 -0.139099 0.990198 0.0126262 0.255643 0.802307 -0.539398 0.255643 0.802307 -0.539398 0.339975 0.879795 0.332233 0.0340311 0.543441 0.838757 0.768081 0.449752 0.455824 -0.139099 0.990198 0.0126262 0.0340311 0.543441 0.838757 0.543646 0.803125 -0.2438 0.768081 0.449752 0.455824 0.543646 0.803125 -0.2438 0.221925 0.794703 0.564975 0.73416 0.276244 0.62024 0.732441 0.198383 0.651287 0.856169 0.343121 0.386321 0.953479 -0.28721 0.0915848 0.987196 -0.131317 -0.0905522 0.681821 -0.561523 0.468841 0.7616 -0.48306 -0.431994 0.681821 -0.561523 0.468841 0.856169 0.343121 0.386321 0.215559 0.030909 -0.976002 0.215559 0.030909 -0.976002 0.559015 -0.764428 -0.321173 -0.668134 0.53493 -0.517152 0.271726 -0.43148 -0.860227 0.271726 -0.43148 -0.860227 0.713612 -0.633871 -0.29827 0.7616 -0.48306 -0.431994 -0.454026 0.511663 -0.729426 -0.454026 0.511663 -0.729426 -0.418364 -0.193971 -0.887326 -0.395332 0.690342 -0.605921 -0.454026 0.511663 -0.729426 -0.692999 0.381817 -0.611529 -0.276275 0.0541573 -0.959552 0.871928 0.279799 -0.401814 0.871928 0.279799 -0.401814 0.871928 0.279799 -0.401814 0.7284 -0.5027 -0.465539 0.163617 -0.523839 -0.835956 0.163617 -0.523839 -0.835956 0.963328 -0.265016 0.0420079 0.810807 -0.513009 0.281804 0.856569 -0.38412 0.344589 0.0497688 -0.47147 -0.880477 -0.359131 0.0877462 -0.929153 0.0497688 -0.47147 -0.880477 0.779473 -0.213045 -0.589096 0.247157 -0.819628 -0.51684 0.299336 -0.14669 -0.942804 0.299336 -0.14669 -0.942804 0.715746 -0.471383 -0.515273 0.303765 -0.428562 -0.850918 -0.227332 0.0122526 -0.97374 0.303765 -0.428562 -0.850918 0.457681 0.831487 0.314893 -0.833559 -0.102041 -0.542925 -0.654552 0.0104926 -0.755944 -0.209077 -0.733316 -0.646943 -0.653754 0.453736 -0.605582 0.775078 0.44041 -0.453093 -0.267361 0.751376 -0.603285 -0.620693 0.347385 -0.702896 0.55162 -0.83309 0.0409455 0.974331 0.0349459 0.22239 0.90672 -0.0149049 -0.421471 0.55162 -0.83309 0.0409455 0.0139749 -0.75727 0.652952 0.661213 0.370721 0.652198 0.974331 0.0349459 0.22239 0.55162 -0.83309 0.0409455 -0.842304 0.534875 0.0665805 -0.764443 0.638662 -0.0879661 -0.62474 0.61924 0.475649 -0.940011 0.2145 -0.265271 -0.714563 0.400425 -0.573637 -0.750632 0.0847365 -0.655264 -0.11012 -0.497609 0.860383 -0.189987 0.552069 0.811865 -0.342208 -0.245878 0.906884 -0.409302 0.0722469 0.909534 -0.932438 0.218079 0.2881 -0.881548 0.319005 0.348008 -0.796849 -0.449556 0.403648 -0.923676 -0.338976 -0.178657 -0.979314 -0.14845 -0.137499 -0.754636 -0.102828 -0.648036 -0.36878 -0.656985 -0.657551 -0.0120167 -0.0549342 -0.998418 -0.630157 -0.259789 -0.731718 -0.634455 -0.0113946 -0.772876 -0.75531 0.370096 -0.540865 -0.668407 0.304559 0.678584 -0.169241 0.888954 0.42558 -0.175906 0.60212 0.778787 -0.189987 0.552069 0.811865 -0.0209336 0.887241 0.46083 0.661213 0.370721 0.652198 0.802591 0.39695 0.445285 0.924767 0.347172 0.155812 0.974331 0.0349459 0.22239 0.856184 0.211541 -0.471381 0.90672 -0.0149049 -0.421471 -0.908595 0.416123 0.0359996 -0.881548 0.319005 0.348008 -0.908296 0.348607 -0.23124 -0.655173 0.189749 -0.731262 -0.754636 -0.102828 -0.648036 -0.979314 -0.14845 -0.137499 -0.0120167 -0.0549342 -0.998418 0.141359 0.198473 -0.969859 -0.0120167 -0.0549342 -0.998418 0.141359 0.198473 -0.969859 -0.396796 -0.790954 -0.465773 0.130849 -0.610458 -0.781166 0.130849 -0.610458 -0.781166 0.544655 -0.785738 -0.293202 -0.396796 -0.790954 -0.465773 0.488303 -0.870868 0.056123 -0.457743 -0.875986 -0.152049 -0.0464033 -0.980956 0.188605 -0.584861 -0.810622 -0.0288163 -0.584861 -0.810622 -0.0288163 -0.0464033 -0.980956 0.188605 -0.313987 -0.0586635 0.947613 -0.175906 0.60212 0.778787 -0.0464033 -0.980956 0.188605 -0.457743 -0.875986 -0.152049 -0.584861 -0.810622 -0.0288163 -0.908595 0.416123 0.0359996 -0.132257 -0.044572 0.990213 -0.0464033 -0.980956 0.188605 0.537625 -0.808785 0.238383 0.537625 -0.808785 0.238383 -0.175906 0.60212 0.778787 -0.0209336 0.887241 0.46083 0.802591 0.39695 0.445285 0.537625 -0.808785 0.238383 -0.169241 0.888954 0.42558 0.544655 -0.785738 -0.293202 0.130849 -0.610458 -0.781166 0.488303 -0.870868 0.056123 0.537625 -0.808785 0.238383 -0.55162 -0.83309 0.0409454 -0.90672 -0.0149049 -0.421471 -0.974331 0.0349458 0.22239 -0.55162 -0.83309 0.0409454 -0.0139748 -0.75727 0.652952 -0.974331 0.0349458 0.22239 -0.661213 0.370721 0.652198 -0.55162 -0.83309 0.0409454 0.842304 0.534875 0.0665791 0.62474 0.61924 0.475648 0.764443 0.638662 -0.0879661 0.940011 0.2145 -0.265271 0.714563 0.400425 -0.573637 0.750632 0.0847365 -0.655264 0.110119 -0.497609 0.860383 0.189987 0.552069 0.811865 0.342208 -0.245878 0.906884 0.409302 0.0722468 0.909534 0.932438 0.218079 0.2881 0.881548 0.319005 0.348008 0.796849 -0.449556 0.403648 0.979314 -0.14845 -0.137499 0.923676 -0.338976 -0.178657 0.754636 -0.102828 -0.648036 0.36878 -0.656985 -0.657551 0.0120167 -0.0549342 -0.998418 0.630157 -0.259789 -0.731718 0.634455 -0.0113946 -0.772876 0.75531 0.370096 -0.540865 0.668407 0.304559 0.678584 0.169241 0.888954 0.42558 0.189987 0.552069 0.811865 0.175906 0.60212 0.778787 0.0209335 0.887241 0.46083 -0.661213 0.370721 0.652198 -0.802591 0.39695 0.445285 -0.924767 0.347172 0.155812 -0.974331 0.0349458 0.22239 -0.90672 -0.0149049 -0.421471 -0.856184 0.211541 -0.471381 0.908596 0.416123 0.0359996 0.881548 0.319005 0.348008 0.908296 0.348607 -0.23124 0.979314 -0.14845 -0.137499 0.754636 -0.102828 -0.648036 0.655173 0.189749 -0.731262 -0.141359 0.198473 -0.969859 0.0120167 -0.0549342 -0.998418 -0.141359 0.198473 -0.969859 0.0120167 -0.0549342 -0.998418 -0.130849 -0.610458 -0.781166 0.396796 -0.790954 -0.465773 -0.130849 -0.610458 -0.781166 0.396796 -0.790954 -0.465773 -0.544655 -0.785738 -0.293202 0.457743 -0.875986 -0.152049 -0.488303 -0.870868 0.056123 0.0464033 -0.980956 0.188605 0.58486 -0.810622 -0.0288163 0.58486 -0.810622 -0.0288163 0.313986 -0.0586647 0.947613 0.0464033 -0.980956 0.188605 0.175906 0.60212 0.778787 0.0464033 -0.980956 0.188605 0.457743 -0.875986 -0.152049 0.58486 -0.810622 -0.0288163 0.908596 0.416123 0.0359996 0.132258 -0.0445725 0.990213 -0.537624 -0.808785 0.238383 0.0464033 -0.980956 0.188605 -0.537624 -0.808785 0.238383 0.175906 0.60212 0.778787 0.0209335 0.887241 0.46083 -0.802591 0.39695 0.445285 -0.537624 -0.808785 0.238383 0.169241 0.888954 0.42558 -0.130849 -0.610458 -0.781166 -0.544655 -0.785738 -0.293202 -0.488303 -0.870868 0.056123 -0.537624 -0.808785 0.238383</float_array>
          <technique_common>
            <accessor source="#yadoran_00_0_0_Normal_array_id" count="756" stride="3">
              <param name="X" type="float" />
              <param name="Y" type="float" />
              <param name="Z" type="float" />
            </accessor>
          </technique_common>
        </source>
        <source id="yadoran_00_0_0_TexCoord0_id" name="yadoran_00_0_0_TexCoord0">
          <float_array id="yadoran_00_0_0_TexCoord0_array_id" count="1512">0.316833 0.548055 0.319208 0.64957 0.240557 0.604449 0.3975 0.546185 0.397704 0.648839 0.482663 0.547971 0.471672 0.656951 0.3975 0.546185 0.397704 0.648839 0.316833 0.548055 0.319208 0.64957 0.12634 0.666848 0.151623 0.619619 0.155957 0.660974 0.120476 0.626314 0.0447561 0.640294 0.0571967 0.679919 0.151623 0.619619 0.120476 0.626314 0.12634 0.666848 0.209361 0.687452 0.167477 0.707653 0.216677 0.735009 0.25984 0.729767 0.253917 0.657769 0.313678 0.72962 0.239646 0.562398 0.187668 0.568575 0.186028 0.596845 0.240557 0.604449 0.155957 0.660974 0.167477 0.707653 0.216677 0.735009 0.209361 0.687452 0.253917 0.657769 0.25984 0.729767 0.313678 0.72962 0.239646 0.562398 0.186028 0.596845 0.552738 0.690042 0.60367 0.691349 0.593702 0.642564 0.547249 0.647278 0.498593 0.691552 0.501758 0.636407 0.767091 0.654098 0.781307 0.588728 0.738284 0.559681 0.630766 0.637288 0.662399 0.691349 0.666792 0.624254 0.705185 0.594717 0.719141 0.691772 0.130474 0.290415 0.069028 0.359503 0.162579 0.346126 0.12409 0.396356 0.12409 0.396356 0.162579 0.346126 0.0381383 0.426791 0.109686 0.445397 0.109686 0.445397 0.0228473 0.508089 0.103015 0.510139 0.103015 0.510139 0.114021 0.581689 0.187668 0.568575 0.114021 0.581689 0.0305418 0.595019 0.547249 0.647278 0.498593 0.691552 0.501758 0.636407 0.767091 0.654098 0.738284 0.559681 0.781307 0.588728 0.552738 0.690042 0.593702 0.642564 0.60367 0.691349 0.630766 0.637288 0.662399 0.691349 0.666792 0.624254 0.719141 0.691772 0.705185 0.594717 0.634459 0.584963 0.614355 0.593763 0.592674 0.594371 0.549177 0.632615 0.507738 0.618675 0.562513 0.58725 0.534751 0.568684 0.657214 0.561552 0.669789 0.528068 0.72178 0.550609 0.354398 0.981238 0.336529 0.97403 0.354399 0.948134 0.372295 0.973992 0.324008 0.956215 0.42529 0.977014 0.407227 0.970306 0.42529 0.941371 0.443377 0.970262 0.393422 0.953465 0.496855 0.976432 0.478809 0.969675 0.496855 0.941045 0.514924 0.969631 0.465122 0.952739 0.596713 0.575031 0.602612 0.552861 0.609124 0.577456 0.619278 0.56973 0.576035 0.565666 0.631776 0.54975 0.563228 0.548844 0.635162 0.529131 0.634459 0.584963 0.614355 0.593763 0.592674 0.594371 0.549177 0.632615 0.507738 0.618675 0.562513 0.58725 0.657214 0.561552 0.669789 0.528068 0.72178 0.550609 0.534751 0.568684 0.354398 0.981238 0.354399 0.948134 0.336529 0.97403 0.372295 0.973992 0.324008 0.956215 0.42529 0.977014 0.42529 0.941371 0.407227 0.970306 0.443377 0.970262 0.393422 0.953465 0.496855 0.976432 0.496855 0.941045 0.478809 0.969675 0.514924 0.969631 0.465122 0.952739 0.596713 0.575031 0.609124 0.577456 0.602612 0.552861 0.619278 0.56973 0.576035 0.565666 0.631776 0.54975 0.563228 0.548844 0.635162 0.529131 0.0501899 0.905868 0.0796761 0.862878 0.0268548 0.831031 0.0571188 0.827892 0.0855906 0.8274 0.0995017 0.830416 0.120357 0.91262 0.118974 0.818946 0.159581 0.831125 0.202983 0.874374 0.0571188 0.827892 0.0796761 0.862878 0.0855906 0.8274 0.0995017 0.830416 0.118974 0.818946 0.159581 0.831125 0.684949 0.497001 0.685987 0.482583 0.653583 0.482096 0.664075 0.47014 0.572032 0.479684 0.570684 0.500802 0.590069 0.476644 0.603131 0.485806 0.434218 0.87998 0.434218 0.919414 0.465189 0.907406 0.467166 0.856055 0.404654 0.907979 0.0632575 0.767671 0.0411618 0.756795 0.05383 0.777558 0.0341353 0.771039 0.0495299 0.736474 0.0758427 0.749445 0.716842 0.481008 0.707255 0.466988 0.538582 0.486624 0.557036 0.475723 0.729493 0.449482 0.573477 0.452928 0.641105 0.452713 0.591783 0.455343 0.613671 0.456155 0.659007 0.444268 0.589074 0.437155 0.774548 0.468451 0.80151 0.475289 0.775779 0.461336 0.80239 0.469161 0.782921 0.441679 0.0918138 0.801623 0.93556 0.443133 0.908682 0.434705 0.90873 0.450495 0.856786 0.429862 0.848189 0.471224 0.853158 0.451533 0.795313 0.419739 0.10851 0.784648 0.847843 0.478499 0.553139 0.451603 0.525753 0.455498 0.547791 0.437154 0.938001 0.518384 0.958818 0.512958 0.94898 0.474009 0.188154 0.759344 0.17846 0.790139 0.233033 0.809396 0.240905 0.86527 0.272645 0.85791 0.257921 0.818357 0.881611 0.48368 0.902032 0.470512 0.920092 0.464693 0.889081 0.525471 0.876388 0.527762 0.906637 0.523928 0.943303 0.555731 0.909392 0.559312 0.948559 0.589593 0.909836 0.593217 0.890068 0.559038 0.884827 0.588896 0.874421 0.585202 0.664075 0.47014 0.685987 0.482583 0.653583 0.482096 0.684949 0.497001 0.572032 0.479684 0.590069 0.476644 0.570684 0.500802 0.603131 0.485806 0.434218 0.87998 0.465189 0.907406 0.434218 0.919414 0.467166 0.856055 0.404654 0.907979 0.05383 0.777558 0.0632575 0.767671 0.0758427 0.749445 0.681198 0.435193 0.707255 0.466988 0.716842 0.481008 0.557036 0.475723 0.538582 0.486624 0.729493 0.449482 0.573477 0.452928 0.659007 0.444268 0.641105 0.452713 0.613671 0.456155 0.591783 0.455343 0.702224 0.435546 0.80239 0.469161 0.80151 0.475289 0.0918138 0.801623 0.93556 0.443133 0.90873 0.450495 0.908682 0.434705 0.856786 0.429862 0.853158 0.451533 0.848189 0.471224 0.10851 0.784648 0.847843 0.478499 0.553139 0.451603 0.525753 0.455498 0.725392 0.43486 0.526688 0.4396 0.337052 0.864945 0.292366 0.860253 0.300112 0.841954 0.938001 0.518384 0.94898 0.474009 0.958818 0.512958 0.902032 0.470512 0.881611 0.48368 0.920092 0.464693 0.970019 0.54896 0.943303 0.555731 0.889081 0.525471 0.876388 0.527762 0.909392 0.559312 0.906637 0.523928 0.890068 0.559038 0.589074 0.437155 0.649097 0.433475 0.613002 0.436796 0.188154 0.759344 0.233033 0.809396 0.17846 0.790139 0.257921 0.818357 0.272849 0.804371 0.308075 0.800452 0.295334 0.823914 0.361425 0.820859 0.681198 0.435193 0.702224 0.435546 0.649097 0.433475 0.613002 0.436796 0.272849 0.804371 0.295334 0.823914 0.308075 0.800452 0.526688 0.4396 0.547791 0.437154 0.240905 0.86527 0.272645 0.85791 0.725392 0.43486 0.276747 0.955314 0.259818 0.918702 0.211093 0.978533 0.195533 0.946198 0.978706 0.579946 0.970019 0.54896 0.195533 0.946198 0.259818 0.918702 0.305068 0.897254 0.326405 0.933313 0.292366 0.860253 0.305068 0.897254 0.374874 0.898883 0.41836 0.846844 0.337052 0.864945 0.300112 0.841954 0.361425 0.820859 0.16948 0.738237 0.11979 0.720439 0.121959 0.705156 0.061694 0.704597 0.0611856 0.715023 0.11979 0.720439 0.121959 0.705156 0.16948 0.738237 0.384204 0.739347 0.450924 0.757834 0.384204 0.739347 0.297753 0.480154 0.385426 0.454306 0.484874 0.467743 0.385426 0.454306 0.147794 0.41566 0.235743 0.514865 0.145322 0.465618 0.180576 0.51446 0.246653 0.358391 0.285753 0.291008 0.354968 0.38331 0.30312 0.42101 0.297753 0.480154 0.147794 0.41566 0.145322 0.465618 0.235743 0.514865 0.180576 0.51446 0.246653 0.358391 0.285753 0.291008 0.354968 0.38331 0.30312 0.42101 0.240593 0.232098 0.80842 0.610051 0.864609 0.617361 0.831395 0.649133 0.887686 0.95032 0.837782 0.976849 0.805474 0.945213 0.965546 0.71192 0.856594 0.71028 0.977188 0.658753 0.0588024 0.246947 0.103635 0.268175 0.111882 0.246947 0.0881671 0.286205 0.0924454 0.211288 0.196503 0.203721 0.198687 0.179063 0.11898 0.205047 0.191108 0.229357 0.168058 0.146867 0.0217125 0.303747 0.0562487 0.326368 0.0655115 0.303747 0.0399429 0.267753 0.0333738 0.342372 0.0217125 0.303747 0.0655115 0.303747 0.0562487 0.326368 0.0333738 0.342372 0.0399429 0.267753 0.198687 0.179063 0.196503 0.203721 0.11898 0.205047 0.191108 0.229357 0.168058 0.146867 0.111882 0.246947 0.103635 0.268175 0.0588024 0.246947 0.0881671 0.286205 0.0924454 0.211288 0.79367 0.307037 0.850491 0.332363 0.826453 0.349425 0.769882 0.353522 0.74273 0.342746 0.798204 0.355645 0.857068 0.0195976 0.829358 0.0539437 0.816339 0.0350966 0.953335 0.0148367 0.953335 0.0573616 0.934784 0.0451832 0.972697 0.0451497 0.738866 0.361046 0.789939 0.395074 0.765032 0.406953 0.711785 0.406286 0.687134 0.394063 0.290785 0.0970733 0.272584 0.13942 0.2251 0.135021 0.0836832 0.125626 0.0841254 0.19306 0.043722 0.16489 0.54753 0.0229499 0.635305 0.0556678 0.547455 0.057018 0.636259 0.0265826 0.12455 0.164924 0.458658 0.0557995 0.458808 0.0265826 0.276612 0.0640402 0.267235 0.0250036 0.288884 0.033255 0.214676 0.167349 0.859736 0.154001 0.808267 0.101051 0.891648 0.131166 0.722421 0.0702635 0.152135 0.120704 0.79724 0.125818 0.767322 0.0856647 0.803852 0.159534 0.769693 0.141547 0.267638 0.165383 0.233416 0.202256 0.838631 0.194279 0.706078 0.121043 0.773284 0.172368 0.016221 0.120509 0.374465 0.065769 0.320128 0.107948 0.327649 0.0759082 0.295461 0.149428 0.333556 0.136311 0.624404 0.0965668 0.387058 0.114884 0.466243 0.0956229 0.472716 0.127993 0.544913 0.0855524 0.760724 0.021726 0.738956 0.0492287 0.724649 0.0338557 0.59032 0.217356 0.617808 0.240148 0.603159 0.246049 0.760724 0.0483395 0.881639 0.05359 0.857068 0.0521285 0.609276 0.36538 0.52886 0.398453 0.616462 0.343394 0.532468 0.352511 0.515242 0.329842 0.782867 0.0484065 0.630555 0.375375 0.925592 0.0261882 0.98132 0.0255792 0.797326 0.0321584 0.57586 0.245002 0.608638 0.259825 0.950575 0.107567 0.926645 0.111964 0.926645 0.0718968 0.550215 0.333916 0.592553 0.295825 0.905589 0.107097 0.882938 0.0927524 0.896772 0.0375586 0.497566 0.285241 0.535101 0.316592 0.43655 0.354377 0.451196 0.30143 0.970399 0.0926516 0.490034 0.234455 0.535183 0.23963 0.502985 0.245587 0.54571 0.281609 0.495304 0.261678 0.482858 0.251161 0.448509 0.254336 0.165285 0.0254301 0.1562 0.0643538 0.143785 0.0337843 0.0842466 0.0990198 0.13401 0.0653785 0.136702 0.0976788 0.0317582 0.0974787 0.0345637 0.065207 0.216144 0.0191103 0.217439 0.0707291 0.179368 0.0966536 0.216144 0.110153 0.253214 0.0966452 0.0509559 0.0313572 0.0841254 0.0180205 0.11729 0.0314299 0.535739 0.21023 0.487414 0.213757 0.868626 0.248993 0.896454 0.281761 0.873681 0.287028 0.492203 0.163354 0.459666 0.17197 0.441568 0.159851 0.543529 0.152453 0.527906 0.16738 0.849865 0.280436 0.451571 0.193457 0.912498 0.198124 0.951601 0.210578 0.93602 0.22827 0.889148 0.228711 0.873625 0.211277 0.912564 0.234327 0.55823 0.168531 0.542674 0.186289 0.544767 0.122784 0.609317 0.169959 0.618031 0.132405 0.656727 0.18963 0.691938 0.151598 0.941481 0.129694 0.941481 0.177123 0.92054 0.165919 0.68152 0.177274 0.965107 0.163663 0.738866 0.410281 0.292873 0.174279 0.760892 0.190265 0.399304 0.144509 0.269013 0.222027 0.819001 0.235412 0.736818 0.228156 0.68728 0.201513 0.907669 0.257259 0.83102 0.262352 0.323802 0.184892 0.435626 0.229106 0.430278 0.180751 0.395256 0.190503 0.347769 0.223625 0.908132 0.144866 0.975907 0.142232 0.663148 0.213233 0.697652 0.272394 0.298337 0.266393 0.790722 0.285827 0.636632 0.266365 0.622916 0.253124 0.652929 0.240633 0.734302 0.317668 0.389439 0.253183 0.348728 0.293779 0.632855 0.321745 0.637627 0.347952 0.658895 0.365692 0.417337 0.331822 0.672528 0.295469 0.70582 0.343721 0.407982 0.27706 0.370852 0.32036 0.959593 0.772973 0.784692 0.882635 0.866532 0.86662 0.9877 0.884245 0.965546 0.828968 0.84503 0.750903 0.829708 0.807614 0.781487 0.840707 0.798458 0.728567 0.779474 0.705613 0.747672 0.751549 0.175467 0.375214 0.493613 0.787177 0.529502 0.752009 0.504017 0.711572 0.474304 0.717137 0.607589 0.97777 0.616839 0.940306 0.56495 0.915584 0.624205 0.888765 0.691358 0.937304 0.677184 0.895086 0.540971 0.818027 0.559267 0.770274 0.493738 0.867622 0.538549 0.867827 0.58189 0.882576 0.590508 0.778095 0.584144 0.834426 0.627589 0.835948 0.633655 0.776962 0.680219 0.778017 0.761648 0.809567 0.717687 0.77159 0.676259 0.837032 0.74781 0.903493 0.700653 0.967137 0.534571 0.947107 0.907562 0.411587 0.926674 0.414975 0.926922 0.392334 0.945486 0.411089 0.94558 0.384218 0.962189 0.40811 0.969129 0.364633 0.954204 0.358853 0.97135 0.329688 0.957757 0.328684 0.890776 0.408635 0.910935 0.384 0.885635 0.365195 0.883826 0.330877 0.898399 0.334659 0.902713 0.359989 0.95339 0.30953 0.969415 0.305319 0.90054 0.313767 0.88558 0.306006 0.878067 0.330597 0.87929 0.306517 0.775269 0.530741 0.783185 0.548792 0.783591 0.510673 0.807217 0.556065 0.807822 0.505805 0.835626 0.533553 0.834891 0.506487 0.164203 0.954462 0.17952 0.923248 0.13067 0.926159 0.106594 0.99533 0.0881205 0.99533 0.879309 0.3663 0.884145 0.406844 0.151578 0.963357 0.0447356 0.926655 0.0814182 0.99533 0.0906046 0.925159 0.834891 0.552085 0.0685451 0.99533 0.0447357 0.968637 0.0235136 0.966156 0.0107352 0.95748 0.13067 0.967088 0.975464 0.330061 0.974215 0.305796 0.973759 0.365993 0.967429 0.406926 0.798458 0.728567 0.747672 0.751549 0.779474 0.705613 0.175467 0.375214 0.493613 0.787177 0.504017 0.711572 0.529502 0.752009 0.474304 0.717137 0.607589 0.97777 0.56495 0.915584 0.616839 0.940306 0.624205 0.888765 0.691358 0.937304 0.677184 0.895086 0.540971 0.818027 0.559267 0.770274 0.493738 0.867622 0.538549 0.867827 0.58189 0.882576 0.590508 0.778095 0.584144 0.834426 0.633655 0.776962 0.627589 0.835948 0.680219 0.778017 0.761648 0.809567 0.717687 0.77159 0.676259 0.837032 0.74781 0.903493 0.700653 0.967137 0.534571 0.947107 0.907562 0.411587 0.926922 0.392334 0.926674 0.414975 0.945486 0.411089 0.94558 0.384218 0.962189 0.40811 0.969129 0.364633 0.954204 0.358853 0.957757 0.328684 0.97135 0.329688 0.890776 0.408635 0.910935 0.384 0.885635 0.365195 0.902713 0.359989 0.898399 0.334659 0.883826 0.330877 0.969415 0.305319 0.95339 0.30953 0.88558 0.306006 0.90054 0.313767 0.87929 0.306517 0.878067 0.330597 0.775269 0.530741 0.783591 0.510673 0.783185 0.548792 0.807822 0.505805 0.807217 0.556065 0.835626 0.533553 0.834891 0.506487 0.164203 0.954462 0.13067 0.926159 0.17952 0.923248 0.106594 0.99533 0.0881205 0.99533 0.879309 0.3663 0.884145 0.406844 0.151578 0.963357 0.0447356 0.926655 0.0906046 0.925159 0.0814182 0.99533 0.834891 0.552085 0.0685451 0.99533 0.0447357 0.968637 0.0235136 0.966156 0.0107352 0.95748 0.13067 0.967088 0.974215 0.305796 0.975464 0.330061 0.973759 0.365993 0.967429 0.406926</float_array>
          <technique_common>
            <accessor source="#yadoran_00_0_0_TexCoord0_array_id" count="756" stride="2">
              <param name="S" type="float" />
              <param name="T" type="float" />
            </accessor>
          </technique_common>
        </source>
        <vertices id="yadoran_00_0_0_vtx_id">
          <input semantic="POSITION" source="#yadoran_00_0_0_Position_id" />
          <input semantic="NORMAL" source="#yadoran_00_0_0_Normal_id" />
        </vertices>
        <triangles material="Mdl_0_Mtl_body" count="928">
          <input semantic="VERTEX" source="#yadoran_00_0_0_vtx_id" offset="0" />
          <input semantic="TEXCOORD" source="#yadoran_00_0_0_TexCoord0_id" offset="0" set="0" />
          <p>46 47 45 47 51 45 47 124 51 45 51 52 124 123 51 52 50 49 52 51 50 123 122 51 51 122 50 49 48 40 49 50 48 123 146 122 40 41 39 40 48 41 50 116 48 122 146 116 122 116 50 123 148 146 39 41 42 48 116 117 48 117 41 148 143 146 39 42 43 116 144 117 146 143 144 146 144 116 41 117 118 42 44 43 143 141 142 142 144 143 142 117 144 142 141 118 142 118 117 41 119 42 42 119 44 41 118 119 143 145 141 141 145 118 44 119 120 143 147 145 118 121 119 119 121 120 118 145 121 147 125 145 125 120 121 121 145 125 74 72 73 72 82 73 72 81 82 73 82 92 81 79 80 81 80 82 92 82 91 79 77 78 79 78 80 82 90 91 82 80 90 77 75 76 77 76 78 91 113 115 91 90 113 80 78 83 90 80 83 90 83 113 75 70 69 75 69 76 115 113 109 78 84 83 78 76 84 70 71 69 113 111 109 83 84 111 83 111 113 76 85 84 71 86 69 76 69 86 76 86 85 109 110 108 110 109 111 110 111 84 110 84 85 110 85 108 71 87 86 109 108 112 108 85 112 87 88 86 85 86 88 85 88 112 109 112 114 87 89 88 89 112 88 112 89 114 96 93 95 93 94 95 94 97 95 101 98 100 98 99 100 99 102 100 106 103 105 103 104 105 104 107 105 129 127 126 127 128 126 127 130 128 134 132 131 132 133 131 132 135 133 139 137 136 137 138 136 137 140 138 176 173 175 173 174 175 173 177 174 217 218 216 218 219 221 216 32 334 216 218 32 219 220 221 334 32 31 218 221 309 219 318 325 219 325 220 334 31 335 32 33 31 218 35 32 32 35 33 218 309 35 318 319 317 325 317 326 220 325 327 335 31 336 33 30 31 309 310 311 309 311 35 318 320 319 318 317 325 326 317 328 327 325 331 335 336 337 33 35 34 30 17 19 31 30 19 31 19 336 310 332 311 332 327 331 332 331 311 319 323 324 317 319 324 317 324 328 326 328 329 325 329 331 325 326 329 335 337 338 35 36 34 35 311 36 17 18 19 336 16 337 336 19 16 324 314 328 331 329 333 311 331 333 311 333 36 338 337 339 34 10 29 34 36 10 17 38 67 17 67 18 19 18 15 19 15 16 314 300 315 328 279 278 328 278 329 328 314 315 315 279 328 333 329 330 337 340 339 337 16 340 29 10 9 36 344 10 333 330 344 333 344 36 38 29 37 29 9 37 67 38 66 38 37 66 18 68 15 18 67 68 300 298 301 300 314 298 278 279 280 329 304 330 329 278 304 339 340 21 16 15 11 340 11 21 340 16 11 10 7 9 344 330 343 37 9 360 37 360 66 67 63 68 301 302 303 278 280 302 280 303 302 278 302 304 298 299 297 339 21 341 15 14 11 15 68 14 10 8 7 10 344 8 330 304 342 330 342 343 9 7 348 360 9 357 9 348 357 66 360 361 67 66 361 67 361 63 301 298 23 302 301 25 304 302 25 304 25 342 301 23 25 297 341 22 298 297 22 298 22 23 341 21 22 11 12 13 11 14 12 11 13 21 68 63 62 344 6 8 343 342 6 343 6 344 7 8 5 8 6 5 348 7 347 7 5 347 357 348 365 361 359 63 25 24 1 25 23 24 25 1 342 22 21 20 20 21 13 20 23 22 23 20 24 14 68 65 14 65 12 62 63 59 6 4 5 342 1 4 342 4 6 347 3 346 4 3 5 5 3 347 4 1 3 348 364 365 359 358 60 63 60 59 63 359 60 24 2 1 68 64 65 62 59 64 62 64 68 12 65 27 346 0 345 1 0 3 3 0 346 1 2 0 364 363 362 364 362 365 358 56 60 60 56 59 64 59 61 12 27 28 28 27 2 65 352 27 65 64 352 345 0 350 346 356 355 346 345 356 363 55 362 358 55 56 59 56 54 56 55 54 61 59 57 59 54 57 2 26 0 26 2 27 350 27 352 350 0 26 26 27 350 64 61 351 64 351 352 355 353 354 355 356 353 363 366 55 362 55 599 599 55 358 54 55 53 55 366 53 57 54 58 53 366 58 354 353 58 354 58 366 53 58 54 61 57 349 57 58 349 61 349 351 353 679 58 58 679 349 246 244 243 244 245 243 245 247 243 276 256 262 256 253 252 256 252 262 253 236 252 262 252 251 252 236 251 253 238 236 251 236 235 238 237 236 236 237 235 251 235 258 237 259 235 235 259 258 251 258 295 295 258 259 296 260 294 260 242 261 260 261 294 242 241 240 242 240 261 294 261 257 261 240 257 241 239 240 240 239 257 294 257 313 241 255 239 257 239 254 239 255 254 313 257 274 257 254 274 255 275 254 254 275 274 313 274 277 277 274 275 308 194 192 194 191 192 194 189 191 192 191 172 194 212 189 191 171 172 191 189 171 212 210 189 172 171 170 212 312 210 189 187 169 189 169 171 171 169 170 189 210 187 312 211 210 210 211 187 169 186 170 186 187 211 187 186 169 316 306 188 306 305 185 306 185 188 305 168 166 185 166 184 185 184 188 185 305 166 168 167 166 184 166 165 165 166 167 305 193 168 167 168 190 168 193 190 305 307 193 193 307 190 367 368 369 368 373 369 368 375 373 369 373 374 373 588 374 588 593 374 588 592 594 588 594 593 592 591 590 592 590 594 591 370 590 594 590 595 370 371 372 370 372 590 595 590 589 589 590 372 379 377 376 377 378 376 378 380 376 384 381 383 381 382 383 382 385 383 389 386 388 386 387 388 386 390 387 394 391 393 391 392 393 391 395 392 399 398 397 398 396 397 398 400 396 404 403 402 403 401 402 403 405 401 407 408 406 408 411 406 411 409 406 409 410 406 414 412 413 412 473 474 474 413 412 473 412 494 420 421 419 421 553 419 553 422 419 422 423 419 439 437 438 437 519 438 519 516 438 519 518 516 438 516 515 518 517 516 515 516 507 516 517 507 517 508 507 508 509 507 443 441 442 441 448 446 442 446 447 442 441 446 448 441 452 447 446 444 448 452 454 446 449 444 452 558 454 449 453 444 449 454 453 558 555 454 444 431 433 444 453 431 558 573 555 454 547 453 454 555 547 433 431 430 573 559 555 453 461 431 547 545 453 453 545 461 430 431 432 573 571 559 555 551 547 547 551 545 555 559 551 461 543 465 461 545 543 430 432 435 573 577 571 559 560 551 559 571 560 465 464 463 465 543 464 545 544 531 545 551 544 545 531 543 430 435 436 577 585 571 560 571 570 463 462 435 463 464 462 551 546 544 531 532 528 543 531 528 543 528 464 436 435 456 435 462 456 585 582 580 571 576 570 546 469 544 570 576 469 570 469 546 532 524 528 531 544 541 544 469 541 464 528 530 462 457 456 585 584 571 585 580 584 582 581 580 576 575 470 532 542 524 541 469 542 464 530 556 464 556 462 528 529 530 528 524 529 457 425 424 456 457 458 458 457 424 571 574 576 576 574 575 584 580 574 584 574 571 576 470 469 582 481 581 542 469 523 542 523 524 556 460 462 462 460 457 530 565 566 530 566 556 529 524 534 425 426 424 575 574 486 580 581 477 470 471 469 481 476 475 475 476 477 523 469 485 471 486 485 471 485 469 460 459 457 457 459 425 565 534 564 534 524 564 565 564 566 556 563 460 556 566 563 426 425 440 574 491 486 477 491 580 580 491 574 477 476 491 486 491 485 523 485 501 459 460 554 460 563 554 524 523 500 523 501 500 524 500 564 566 567 563 566 564 567 425 450 440 476 479 478 491 476 490 478 490 476 485 503 501 491 503 485 491 490 503 554 451 450 450 451 440 500 501 502 563 557 554 554 557 451 564 578 567 479 495 496 496 503 490 496 495 503 476 497 498 479 498 495 479 476 498 500 505 506 564 500 506 564 506 578 501 504 502 504 501 503 504 503 495 504 495 498 504 506 505 504 498 506 563 567 572 567 578 572 563 572 557 497 583 498 506 498 586 498 583 586 506 586 578 572 578 579 578 586 579 583 587 586 586 587 579 468 466 467 466 472 467 466 480 472 466 484 480 482 415 417 415 416 417 415 418 416 415 483 418 493 489 492 489 487 488 488 492 489 487 489 499 536 537 535 537 540 535 540 538 535 538 539 535 561 526 525 526 527 525 527 533 525 533 562 525 568 548 550 548 549 550 548 552 549 548 569 552 597 598 596 598 620 596 598 621 620 621 619 622 621 622 620 619 618 617 619 617 622 620 622 623 618 616 617 622 607 609 622 609 623 622 617 607 618 615 616 609 607 608 609 608 623 617 614 607 617 616 614 615 611 610 615 610 616 608 607 605 607 614 605 623 608 624 608 605 624 611 601 610 616 610 613 616 613 614 605 606 604 605 604 624 614 613 606 614 606 605 601 602 600 601 600 610 604 606 625 606 613 625 602 603 600 610 612 613 612 625 613 612 610 600 642 635 643 635 633 634 635 634 643 633 630 632 633 632 634 643 634 673 630 628 629 632 630 631 630 629 631 634 672 673 634 632 672 628 626 627 627 629 628 631 675 632 672 632 674 674 632 675 626 637 636 626 628 637 636 637 638 636 638 661 637 641 638 661 638 660 641 640 638 660 638 646 640 639 638 638 639 646 640 644 639 646 639 645 639 644 645 646 645 647 648 649 650 649 651 650 651 652 650 651 653 652 651 666 653 652 653 654 656 657 655 657 659 658 655 657 662 658 671 657 657 671 662 665 663 664 663 667 664 663 669 668 668 667 663 669 663 670 678 676 677 676 700 677 700 701 677 700 702 701 700 703 702 701 702 699 703 688 689 702 689 687 689 702 703 689 688 687 699 698 697 702 687 698 702 698 699 703 704 688 697 698 696 687 688 686 688 704 686 697 696 695 698 687 694 687 686 694 698 694 696 704 684 686 695 690 691 695 696 690 694 685 693 694 686 685 696 693 690 696 694 693 686 684 685 691 690 682 693 692 690 684 705 685 705 692 693 693 685 705 682 680 681 690 680 682 690 692 680 681 680 683 723 722 714 722 715 714 722 752 715 714 715 713 752 753 715 713 712 710 715 753 712 715 712 713 710 709 707 753 754 712 710 712 711 710 711 709 707 708 706 708 707 709 754 755 712 712 755 711 706 716 717 706 717 707 716 718 717 716 741 718 717 718 719 741 740 718 719 718 720 740 727 718 720 718 721 718 727 721 720 721 725 727 726 724 724 725 721 721 727 724 728 729 730 729 731 732 729 732 730 731 733 732 731 734 733 732 733 746 737 735 736 735 742 736 742 751 736 751 738 736 738 739 736 744 745 743 745 747 743 747 748 743 748 749 743 749 750 743 157 156 155 157 155 158 156 150 155 158 155 164 156 154 150 155 150 149 164 155 163 156 200 154 150 151 149 155 149 160 149 151 160 155 160 163 156 208 200 154 153 150 154 200 153 151 150 152 150 153 152 160 151 159 163 160 162 208 183 178 208 178 200 153 180 152 200 178 180 200 180 153 152 180 151 159 161 160 160 161 162 163 162 265 162 161 265 183 182 178 180 178 179 178 182 179 151 180 181 180 179 181 159 151 248 181 179 248 161 159 248 161 248 265 181 248 151 163 265 272 182 250 249 249 248 179 249 265 248 249 272 265 249 179 182 249 250 272 195 196 197 195 197 264 196 198 197 264 197 263 196 209 198 264 263 273 197 198 199 197 199 263 209 205 198 273 263 271 199 206 207 198 205 206 198 206 199 209 222 223 205 223 206 205 209 223 273 284 285 273 271 284 263 270 271 199 207 270 199 270 263 271 270 284 222 225 223 206 203 204 206 204 207 206 223 203 285 284 289 270 269 267 270 207 269 270 267 284 222 226 225 204 203 202 223 224 203 285 289 290 269 268 267 284 267 286 226 232 225 202 203 201 203 224 201 223 225 227 225 232 227 223 227 224 289 284 292 284 286 292 290 289 293 289 292 293 268 266 267 267 266 286 226 234 232 290 293 234 201 224 215 227 228 213 224 213 215 224 227 213 292 288 291 266 282 286 232 233 231 293 231 233 293 233 234 291 293 292 291 288 231 291 231 293 234 233 232 228 227 229 229 231 228 229 227 232 232 231 229 215 213 214 282 283 281 292 286 281 286 282 281 292 281 288 228 231 230 231 288 230 213 228 322 228 230 322 213 322 214 283 287 281 288 281 287 288 287 230 322 230 321 321 230 287 428 429 427 428 427 434 429 455 427 434 427 445 455 513 427 445 427 512 513 514 510 427 510 512 427 513 510 514 520 510 512 510 511 520 521 510 511 510 522 522 510 521</p>
        </triangles>
      </mesh>
    </geometry>
    <geometry id="yadoran_00_1_0_geo_id" name="yadoran_00_1_0">
      <mesh>
        <source id="yadoran_00_1_0_Position_id" name="yadoran_00_1_0_Position">
          <float_array id="yadoran_00_1_0_Position_array_id" count="54">-0.270632 1.27178 0.371287 -0.225571 1.18691 0.458627 -0.204993 1.35632 0.41644 -0.161834 1.23631 0.509649 0.161835 1.23631 0.509649 0.225572 1.18691 0.458627 0.204994 1.35632 0.41644 0.270633 1.27178 0.371287 -0.0807482 1.27865 0.534444 -0.0913244 1.41126 0.444195 0.0913255 1.41126 0.444195 0.0807493 1.27865 0.534444 0.656419 0.581523 -0.249231 0.292582 0.712211 -0.13604 0.549181 0.477913 -0.156449 0.412347 0.823058 -0.25522 0.156881 0.871438 -0.479593 0.0546228 0.764938 -0.384515</float_array>
          <technique_common>
            <accessor source="#yadoran_00_1_0_Position_array_id" count="18" stride="3">
              <param name="X" type="float" />
              <param name="Y" type="float" />
              <param name="Z" type="float" />
            </accessor>
          </technique_common>
        </source>
        <source id="yadoran_00_1_0_Normal_id" name="yadoran_00_1_0_Normal">
          <float_array id="yadoran_00_1_0_Normal_array_id" count="54">-0.90183 0.186006 0.390005 -0.8542 0.446096 0.267095 -0.655865 0.543412 0.52397 -0.631853 0.642192 0.433995 0.631853 0.642192 0.433995 0.8542 0.446097 0.267096 0.655865 0.543412 0.523969 0.916255 0.170358 0.362568 -0.349155 0.776397 0.524688 -0.321379 0.66625 0.672924 0.321379 0.66625 0.672924 0.349155 0.776397 0.524688 0.707003 0.381845 0.595266 -0.133539 0.464981 0.875191 0.220941 -0.350984 0.909942 0.214813 0.874479 0.434904 -0.362491 0.91813 0.160121 -0.869223 0.281054 0.406767</float_array>
          <technique_common>
            <accessor source="#yadoran_00_1_0_Normal_array_id" count="18" stride="3">
              <param name="X" type="float" />
              <param name="Y" type="float" />
              <param name="Z" type="float" />
            </accessor>
          </technique_common>
        </source>
        <source id="yadoran_00_1_0_TexCoord0_id" name="yadoran_00_1_0_TexCoord0">
          <float_array id="yadoran_00_1_0_TexCoord0_array_id" count="36">1.23387 0.904242 1.20238 0.790517 1.14011 0.94699 1.11123 0.792905 1.11123 0.792905 1.20238 0.790517 1.14011 0.94699 1.23387 0.904242 1.01698 0.801809 1.01698 0.958847 1.01698 0.958847 1.01698 0.801809 1.22969 0.69102 1.01797 0.561086 1.23152 0.582736 1.01797 0.685698 1.22969 0.69102 1.23152 0.582736</float_array>
          <technique_common>
            <accessor source="#yadoran_00_1_0_TexCoord0_array_id" count="18" stride="2">
              <param name="S" type="float" />
              <param name="T" type="float" />
            </accessor>
          </technique_common>
        </source>
        <vertices id="yadoran_00_1_0_vtx_id">
          <input semantic="POSITION" source="#yadoran_00_1_0_Position_id" />
          <input semantic="NORMAL" source="#yadoran_00_1_0_Normal_id" />
        </vertices>
        <triangles material="Mdl_0_Mtl_eye" count="12">
          <input semantic="VERTEX" source="#yadoran_00_1_0_vtx_id" offset="0" />
          <input semantic="TEXCOORD" source="#yadoran_00_1_0_TexCoord0_id" offset="0" set="0" />
          <p>2 0 1 2 1 3 2 3 8 2 8 9 6 4 5 6 11 4 6 5 7 6 10 11 13 14 12 13 12 15 13 15 16 13 16 17</p>
        </triangles>
      </mesh>
    </geometry>
  </library_geometries>
  <library_controllers>
    <controller id="yadoran_00_0_0_ctrl_id" name="yadoran_00_0_0_ctrl">
      <skin source="#yadoran_00_0_0_geo_id">
        <bind_shape_matrix>1 0 0 0 0 1 0 0 0 0 1 0 0 0 0 1</bind_shape_matrix>
        <source id="yadoran_00_0_0_ctrl_names_id" name="yadoran_00_0_0_ctrl_names">
          <Name_array id="yadoran_00_0_0_ctrl_names_array_id" count="22">root PG_root Pelvis L_Thigh L_Calf R_Thigh R_Calf Spine L_UpperArm L_Forearm L_Hand PT_L_hand PG_Neck Head PT_head PT_mouth PT_center R_UpperArm R_Forearm R_Hand PT_R_hand Tail</Name_array>
          <technique_common>
            <accessor source="#yadoran_00_0_0_ctrl_names_array_id" count="22" stride="1">
              <param name="JOINT" type="Name" />
            </accessor>
          </technique_common>
        </source>
        <source id="yadoran_00_0_0_ctrl_poses_id" name="yadoran_00_0_0_ctrl_poses">
          <float_array id="yadoran_00_0_0_ctrl_poses_array_id" count="352">1 0 0 0 0 1 0 0 0 0 1 0 0 0 0 1 1 0 0 0 0 -3.55746E-06 -1 0 0 1 -3.55746E-06 0 0 0 0 1 -3.55746E-06 1 -3.55746E-06 -0.272572 2.620742E-06 3.55747E-06 1 -0.140813 1 3.557451E-06 -2.620755E-06 -6.006296E-07 0 0 0 1 0.00723866 -0.9809478 0.1944976 0.2372252 0.00832514 0.194556 0.9809325 -0.1943405 -1.000069 -0.005481619 0.009573829 0.3825755 0 0 0 1 -0.007265233 -0.9837966 -0.1803377 0.1329036 0.008777766 -0.1803856 0.9837223 -0.1574401 -1.000158 0.005563044 0.00994393 0.3814385 0 0 0 1 5.805641E-05 -0.9808879 0.1946079 0.2399806 -0.00905126 0.1946129 0.980916 -0.1946328 -1.00003 -0.001818393 -0.008866961 -0.3806701 0 0 0 1 -1.205197E-05 -0.9837023 -0.1804848 0.1301186 -0.009498377 -0.1804347 0.9836937 -0.1577223 -1.000075 0.001725921 -0.009339966 -0.3809595 0 0 0 1 -2.127193E-06 1.000001 -4.074707E-05 -0.6775071 -1.670489E-06 4.074707E-05 1.000001 -0.1407648 1 2.127259E-06 1.670406E-06 -2.355818E-07 0 0 0 1 0.5508603 0.1388046 0.8230798 -0.5136411 -0.6023815 0.7487628 0.2769209 -0.5571953 -0.5777985 -0.6482762 0.4960641 0.5845227 0 0 0 1 0.5341644 0.159274 0.8303843 -0.741101 -0.6172684 0.7447014 0.2542719 -0.5371076 -0.5777984 -0.6482762 0.4960641 0.5845227 0 0 0 1 0.4890006 0.1761766 0.8545135 -0.8555037 0.5712638 0.6757368 -0.4662598 -0.6230135 -0.6594661 0.716045 0.2297951 -0.4780945 0 0 0 1 0.4966793 0.185178 0.8482465 -0.9549844 0.6567712 -0.7192895 -0.2275776 0.5299326 0.5678709 0.6699815 -0.4788037 -0.5860481 0 0 0 1 -2.127193E-06 1.000001 -4.074707E-05 -1.040639 -1.670489E-06 4.074707E-05 1.000001 -0.1406876 1 2.127259E-06 1.670406E-06 -2.355819E-07 0 0 0 1 -1.846725E-05 0.9999667 -0.01461401 -1.080711 -1.701433E-06 0.01461401 0.9999666 -0.1564579 1 1.849118E-05 1.431256E-06 -1.792083E-05 0 0 0 1 1 1.493383E-05 1.483244E-06 -1.970442E-05 1.483493E-06 -6.390464E-07 -1.000146 0.2577657 -1.493414E-05 1.000146 -6.465477E-07 -1.518043 0 0 0 1 1 1.493383E-05 1.483244E-06 -1.422391E-05 1.483493E-06 -6.390464E-07 -1.000146 0.7106549 -1.493414E-05 1.000146 -6.465477E-07 -1.049773 0 0 0 1 1 -1.430203E-06 1.670551E-06 4.010419E-06 1.670537E-06 -7.981252E-06 -1.000001 -0.0963401 1.430214E-06 1.000001 -7.981245E-06 -0.7889283 0 0 0 1 -0.5508645 0.1388021 0.8230773 -0.5136408 0.6023712 0.7487719 0.2769186 -0.5572017 -0.5778052 0.6482663 -0.4960693 -0.5845166 0 0 0 1 -0.5341663 0.1592748 0.8303828 -0.7411031 0.6172605 0.74471 0.2542663 -0.5371111 -0.5778052 0.6482662 -0.4960693 -0.5845165 0 0 0 1 -0.4890028 0.176178 0.8545121 -0.8555061 -0.5712712 0.6757272 -0.4662653 -0.6230078 -0.6594586 -0.7160539 -0.2297898 0.4780982 0 0 0 1 -0.5035785 0.1934743 0.8422334 -0.962127 0.6585267 0.7171809 0.2290309 -0.5280628 -0.5596032 0.6698127 -0.488491 -0.5758032 0 0 0 1 -1.190363E-06 -7.114925E-06 -1 -0.1103068 5.707768E-07 1 -7.114926E-06 -0.3364947 1 -5.707853E-07 -1.190359E-06 9.462826E-07 0 0 0 1</float_array>
          <technique_common>
            <accessor source="#yadoran_00_0_0_ctrl_poses_array_id" count="22" stride="16">
              <param name="TRANSFORM" type="float4x4" />
            </accessor>
          </technique_common>
        </source>
        <source id="yadoran_00_0_0_ctrl_weights_id" name="yadoran_00_0_0_ctrl_weights">
          <float_array id="yadoran_00_0_0_ctrl_weights_array_id" count="20">0.5 0.9 0.09999999 0.85 0.15 0.2 0.8 0.3 0.7 1 0.6 0.4 0.45 0.55 0.01 0.9899999 0.13 0.87 0.07 0.93</float_array>
          <technique_common>
            <accessor source="#yadoran_00_0_0_ctrl_weights_array_id" count="20" stride="1">
              <param name="WEIGHT" type="float" />
            </accessor>
          </technique_common>
        </source>
        <joints>
          <input semantic="JOINT" source="#yadoran_00_0_0_ctrl_names_id" />
          <input semantic="INV_BIND_MATRIX" source="#yadoran_00_0_0_ctrl_poses_id" />
        </joints>
        <vertex_weights count="756">
          <input semantic="JOINT" source="#yadoran_00_0_0_ctrl_names_id" offset="0" />
          <input semantic="WEIGHT" source="#yadoran_00_0_0_ctrl_weights_id" offset="1" />
          <vcount>2 2 2 2 2 2 2 2 2 2 2 2 2 2 2 2 2 2 2 2 2 2 2 2 2 2 2 2 2 2 2 2 2 2 2 2 2 2 2 2 2 2 2 2 2 2 2 2 2 2 2 2 2 1 2 1 2 2 1 2 2 2 2 2 2 2 2 2 2 2 2 2 2 2 2 2 2 2 2 2 2 2 2 2 2 2 2 2 2 2 2 2 2 2 2 1 2 2 2 2 1 2 2 2 2 1 2 2 2 2 2 2 2 2 2 2 2 2 2 2 2 2 2 2 2 2 2 1 2 2 2 2 1 2 2 2 2 1 2 2 2 2 2 2 2 2 2 2 2 2 2 1 1 1 1 2 1 1 1 1 2 1 1 1 1 1 1 1 1 1 1 1 1 1 1 1 1 1 1 1 1 1 1 1 1 1 1 1 1 1 1 1 1 1 1 1 1 1 1 1 1 1 1 1 1 1 1 1 1 1 1 1 1 1 1 1 1 1 1 1 1 1 1 1 1 1 1 1 1 1 1 1 1 1 1 1 1 1 1 1 1 1 1 1 1 1 1 1 1 1 1 1 1 1 1 1 1 1 1 1 1 1 1 1 1 1 1 1 1 1 1 1 1 1 1 1 1 1 1 1 1 1 1 1 1 1 1 1 1 1 1 1 1 1 1 1 1 1 1 1 1 1 1 1 1 1 1 1 1 1 1 1 1 1 1 1 1 1 1 1 1 1 1 1 1 1 1 1 1 1 1 1 1 1 1 1 2 2 1 1 2 1 2 2 2 2 2 2 2 2 2 2 2 2 2 2 2 2 2 2 2 2 2 2 2 2 2 2 2 2 2 2 2 1 2 1 1 1 1 1 1 1 1 1 1 1 1 1 1 1 1 1 1 1 1 1 1 1 1 1 1 1 1 1 1 1 1 1 1 1 1 1 1 1 1 1 1 1 1 1 1 1 1 1 1 1 1 1 1 1 1 1 1 1 1 1 1 1 1 1 1 1 1 1 1 1 1 1 1 1 1 1 1 1 1 1 1 1 1 1 1 1 1 1 1 1 1 1 1 1 1 1 1 1 1 1 1 1 1 1 1 1 1 1 1 1 1 1 1 1 1 1 1 1 1 1 1 1 1 1 1 1 1 1 1 1 1 1 2 1 1 1 1 1 2 1 1 2 1 1 2 1 1 1 1 1 1 1 1 1 1 1 1 1 1 1 1 1 1 1 1 1 1 1 1 1 1 1 1 1 1 1 1 1 1 1 1 1 1 1 1 1 1 1 1 1 1 1 1 1 1 1 1 1 1 1 1 1 1 1 1 1 1 1 1 1 1 1 1 2 2 1 1 2 2 2 2 2 2 2 2 2 2 2 2 2 2 2 2 2 2 2 2 2 2 2 2 2 2 2 2 2 2 2 2 2 1 1 2 1 2 1 1 2 1 2 1 2 1 1 2 2 2 1 2 1 1 1 1 1 1 1 1 1 1 1 1 1 1 1 1 1 1 1 1 1 1 1 1 1 1 1 1 1 1 1 2 2 2 2 2 2 2 2 2 2 2 2 2 2 2 2 2 2 2 2 2 2 2 2 2 2 2 2 2 2 1 2 1 1 2 1 1 2 2 1 1 2 1 2 2 1 1 2 1 2 1 1 1 1 1 1 1 1 1 1 1 1 1 1 1 1 1 1 1 1 1 1 1 1 1 1 1 1 1 1</vcount>
          <v>2 0 7 0 7 1 13 2 7 1 8 2 2 0 7 0 7 1 13 2 2 0 7 0 7 1 13 2 2 0 7 0 7 1 13 2 2 0 7 0 7 1 13 2 7 3 13 4 2 5 7 6 7 1 8 2 2 5 7 6 2 5 7 6 7 3 13 4 2 5 7 6 2 5 7 6 7 3 13 4 7 1 8 2 7 0 13 0 7 2 13 1 7 7 13 8 7 1 8 2 7 7 13 8 2 0 7 0 2 0 7 0 2 5 7 6 7 1 17 2 7 1 17 2 7 0 13 0 7 2 13 1 7 1 17 2 7 1 17 2 7 7 13 8 7 7 13 8 2 0 7 0 2 5 7 6 2 5 7 6 7 1 17 2 17 0 18 0 17 1 18 2 2 5 7 6 17 1 18 2 7 1 17 2 2 5 7 6 17 1 18 2 17 0 18 0 7 1 17 2 17 0 18 0 17 0 18 0 7 1 17 2 2 9 2 1 7 2 2 9 2 1 7 2 2 1 7 2 2 9 2 6 7 5 2 6 7 5 2 6 7 5 2 10 7 11 2 8 7 7 2 8 7 7 2 12 7 13 2 0 7 0 2 12 7 13 2 11 7 10 8 1 9 2 2 5 7 6 8 1 9 2 7 1 8 2 8 1 9 2 2 5 7 6 2 5 7 6 8 0 9 0 7 1 8 2 8 0 9 0 7 1 8 2 8 0 9 0 7 1 8 2 8 0 9 0 9 6 10 5 9 6 10 5 9 6 10 5 8 0 9 0 8 0 9 0 9 6 10 5 9 6 10 5 9 6 10 5 9 6 10 5 8 0 9 0 9 7 10 8 9 7 10 8 10 9 9 7 10 8 9 7 10 8 9 7 10 8 9 7 10 8 10 9 9 7 10 8 9 7 10 8 9 7 10 8 9 7 10 8 10 9 9 7 10 8 9 7 10 8 9 7 10 8 9 7 10 8 9 7 10 8 9 7 10 8 9 7 10 8 9 7 10 8 9 7 10 8 9 7 10 8 18 6 19 5 18 6 19 5 18 6 19 5 17 0 18 0 17 0 18 0 18 6 19 5 18 6 19 5 18 6 19 5 17 0 18 0 18 6 19 5 18 7 19 8 19 9 18 7 19 8 18 7 19 8 18 7 19 8 18 7 19 8 19 9 18 7 19 8 18 7 19 8 18 7 19 8 18 7 19 8 19 9 18 7 19 8 18 7 19 8 18 7 19 8 18 7 19 8 18 7 19 8 18 7 19 8 18 7 19 8 18 7 19 8 18 7 19 8 18 7 19 8 18 7 19 8 12 0 13 0 12 0 13 0 13 9 13 9 13 9 13 9 12 0 13 0 13 9 13 9 13 9 13 9 12 0 13 0 13 9 13 9 13 9 13 9 13 9 13 9 13 9 13 9 13 9 13 9 13 9 13 9 13 9 13 9 13 9 13 9 13 9 13 9 13 9 13 9 13 9 13 9 13 9 13 9 13 9 13 9 13 9 13 9 13 9 13 9 13 9 13 9 13 9 13 9 13 9 13 9 13 9 13 9 13 9 13 9 13 9 13 9 13 9 13 9 13 9 13 9 13 9 13 9 13 9 13 9 13 9 13 9 13 9 13 9 13 9 13 9 13 9 13 9 13 9 13 9 13 9 13 9 13 9 13 9 13 9 13 9 13 9 13 9 13 9 13 9 13 9 13 9 13 9 13 9 13 9 13 9 13 9 13 9 13 9 13 9 13 9 13 9 13 9 13 9 13 9 13 9 13 9 13 9 13 9 13 9 13 9 13 9 13 9 13 9 13 9 13 9 13 9 13 9 13 9 13 9 13 9 13 9 13 9 13 9 13 9 13 9 13 9 13 9 13 9 13 9 13 9 13 9 13 9 13 9 13 9 13 9 13 9 13 9 13 9 13 9 13 9 13 9 13 9 13 9 13 9 13 9 13 9 13 9 13 9 13 9 13 9 13 9 13 9 13 9 13 9 13 9 13 9 13 9 13 9 13 9 13 9 13 9 13 9 13 9 13 9 13 9 13 9 13 9 13 9 13 9 13 9 13 9 13 9 13 9 13 9 13 9 13 9 13 9 13 9 13 9 13 9 13 9 13 9 13 9 13 9 13 9 13 9 13 9 13 9 13 9 13 9 13 9 13 9 13 9 13 9 7 0 13 0 7 0 13 0 13 9 13 9 7 0 13 0 13 9 7 2 13 1 7 2 13 1 7 2 13 1 2 1 3 2 2 11 21 10 2 11 21 10 2 11 21 10 2 1 3 2 2 1 3 2 2 1 3 2 2 1 3 2 2 1 3 2 2 11 21 10 2 11 21 10 2 1 3 2 2 1 5 2 2 1 5 2 2 1 5 2 2 1 5 2 2 1 5 2 2 1 5 2 2 11 21 10 2 11 21 10 2 1 5 2 2 11 21 10 2 11 21 10 2 5 21 6 2 11 21 10 2 5 21 6 2 11 21 10 2 11 21 10 21 9 2 11 21 10 21 9 21 9 21 9 21 9 21 9 21 9 21 9 21 9 21 9 21 9 21 9 21 9 21 9 21 9 21 9 21 9 21 9 21 9 21 9 21 9 21 9 21 9 21 9 21 9 21 9 21 9 21 9 21 9 21 9 21 9 21 9 21 9 21 9 21 9 21 9 21 9 21 9 21 9 21 9 21 9 21 9 21 9 21 9 21 9 21 9 21 9 21 9 21 9 21 9 21 9 21 9 21 9 21 9 21 9 21 9 21 9 21 9 21 9 21 9 21 9 21 9 21 9 21 9 21 9 21 9 21 9 21 9 21 9 21 9 21 9 21 9 21 9 21 9 21 9 21 9 21 9 21 9 21 9 21 9 21 9 21 9 21 9 21 9 21 9 21 9 21 9 21 9 21 9 21 9 21 9 21 9 21 9 21 9 21 9 21 9 21 9 21 9 21 9 21 9 21 9 21 9 21 9 21 9 21 9 21 9 21 9 21 9 21 9 21 9 21 9 21 9 21 9 21 9 21 9 21 9 21 9 21 9 21 9 21 9 21 9 21 9 21 9 21 9 21 9 21 9 21 9 21 9 21 9 21 9 21 9 21 9 21 9 21 9 2 14 21 15 21 9 21 9 21 9 21 9 21 9 2 14 21 15 21 9 21 9 2 16 21 17 21 9 21 9 2 16 21 17 21 9 21 9 21 9 21 9 21 9 21 9 21 9 21 9 21 9 21 9 21 9 21 9 21 9 21 9 21 9 21 9 21 9 21 9 21 9 21 9 21 9 21 9 21 9 21 9 21 9 21 9 21 9 21 9 21 9 21 9 21 9 21 9 21 9 21 9 21 9 21 9 21 9 21 9 21 9 21 9 21 9 21 9 21 9 21 9 21 9 21 9 21 9 21 9 21 9 21 9 21 9 21 9 21 9 21 9 21 9 21 9 21 9 21 9 21 9 21 9 21 9 21 9 21 9 21 9 21 9 21 9 21 9 21 9 2 11 21 10 2 18 21 19 21 9 21 9 2 11 21 10 2 11 21 10 2 11 21 10 2 1 5 2 5 2 6 1 5 2 6 1 2 1 5 2 2 1 5 2 5 2 6 1 5 2 6 1 2 1 5 2 2 1 5 2 2 6 5 5 2 6 5 5 2 8 5 7 2 6 5 5 2 8 5 7 2 8 5 7 5 2 6 1 2 1 5 2 2 6 5 5 2 8 5 7 5 2 6 1 2 0 5 0 2 0 5 0 5 2 6 1 5 2 6 1 2 1 5 2 5 2 6 1 2 0 5 0 2 1 5 2 2 1 5 2 2 1 5 2 6 9 6 9 5 2 6 1 6 9 5 2 6 1 6 9 6 9 5 2 6 1 6 9 5 2 6 1 6 9 5 2 6 1 6 9 6 9 5 2 6 1 5 2 6 1 5 2 6 1 6 9 5 2 6 1 6 9 6 9 6 9 6 9 6 9 6 9 6 9 6 9 6 9 6 9 6 9 6 9 6 9 6 9 6 9 6 9 6 9 6 9 6 9 6 9 6 9 6 9 6 9 6 9 6 9 6 9 6 9 6 9 6 9 6 9 6 9 2 1 3 2 3 2 4 1 3 2 4 1 2 1 3 2 2 1 3 2 3 2 4 1 3 2 4 1 2 1 3 2 2 1 3 2 2 6 3 5 2 6 3 5 2 8 3 7 2 6 3 5 2 8 3 7 2 8 3 7 3 2 4 1 2 1 3 2 2 6 3 5 2 8 3 7 3 2 4 1 2 0 3 0 3 2 4 1 2 0 3 0 3 2 4 1 2 1 3 2 3 2 4 1 2 0 3 0 2 1 3 2 2 1 3 2 2 1 3 2 4 9 3 2 4 1 4 9 4 9 3 2 4 1 4 9 4 9 3 2 4 1 3 2 4 1 4 9 4 9 3 2 4 1 4 9 3 2 4 1 3 2 4 1 4 9 4 9 3 2 4 1 4 9 3 2 4 1 4 9 4 9 4 9 4 9 4 9 4 9 4 9 4 9 4 9 4 9 4 9 4 9 4 9 4 9 4 9 4 9 4 9 4 9 4 9 4 9 4 9 4 9 4 9 4 9 4 9 4 9 4 9 4 9 4 9 4 9</v>
        </vertex_weights>
      </skin>
    </controller>
    <controller id="yadoran_00_1_0_ctrl_id" name="yadoran_00_1_0_ctrl">
      <skin source="#yadoran_00_1_0_geo_id">
        <bind_shape_matrix>1 0 0 0 0 1 0 0 0 0 1 0 0 0 0 1</bind_shape_matrix>
        <source id="yadoran_00_1_0_ctrl_names_id" name="yadoran_00_1_0_ctrl_names">
          <Name_array id="yadoran_00_1_0_ctrl_names_array_id" count="22">root PG_root Pelvis L_Thigh L_Calf R_Thigh R_Calf Spine L_UpperArm L_Forearm L_Hand PT_L_hand PG_Neck Head PT_head PT_mouth PT_center R_UpperArm R_Forearm R_Hand PT_R_hand Tail</Name_array>
          <technique_common>
            <accessor source="#yadoran_00_1_0_ctrl_names_array_id" count="22" stride="1">
              <param name="JOINT" type="Name" />
            </accessor>
          </technique_common>
        </source>
        <source id="yadoran_00_1_0_ctrl_poses_id" name="yadoran_00_1_0_ctrl_poses">
          <float_array id="yadoran_00_1_0_ctrl_poses_array_id" count="352">1 0 0 0 0 1 0 0 0 0 1 0 0 0 0 1 1 0 0 0 0 -3.55746E-06 -1 0 0 1 -3.55746E-06 0 0 0 0 1 -3.55746E-06 1 -3.55746E-06 -0.272572 2.620742E-06 3.55747E-06 1 -0.140813 1 3.557451E-06 -2.620755E-06 -6.006296E-07 0 0 0 1 0.00723866 -0.9809478 0.1944976 0.2372252 0.00832514 0.194556 0.9809325 -0.1943405 -1.000069 -0.005481619 0.009573829 0.3825755 0 0 0 1 -0.007265233 -0.9837966 -0.1803377 0.1329036 0.008777766 -0.1803856 0.9837223 -0.1574401 -1.000158 0.005563044 0.00994393 0.3814385 0 0 0 1 5.805641E-05 -0.9808879 0.1946079 0.2399806 -0.00905126 0.1946129 0.980916 -0.1946328 -1.00003 -0.001818393 -0.008866961 -0.3806701 0 0 0 1 -1.205197E-05 -0.9837023 -0.1804848 0.1301186 -0.009498377 -0.1804347 0.9836937 -0.1577223 -1.000075 0.001725921 -0.009339966 -0.3809595 0 0 0 1 -2.127193E-06 1.000001 -4.074707E-05 -0.6775071 -1.670489E-06 4.074707E-05 1.000001 -0.1407648 1 2.127259E-06 1.670406E-06 -2.355818E-07 0 0 0 1 0.5508603 0.1388046 0.8230798 -0.5136411 -0.6023815 0.7487628 0.2769209 -0.5571953 -0.5777985 -0.6482762 0.4960641 0.5845227 0 0 0 1 0.5341644 0.159274 0.8303843 -0.741101 -0.6172684 0.7447014 0.2542719 -0.5371076 -0.5777984 -0.6482762 0.4960641 0.5845227 0 0 0 1 0.4890006 0.1761766 0.8545135 -0.8555037 0.5712638 0.6757368 -0.4662598 -0.6230135 -0.6594661 0.716045 0.2297951 -0.4780945 0 0 0 1 0.4966793 0.185178 0.8482465 -0.9549844 0.6567712 -0.7192895 -0.2275776 0.5299326 0.5678709 0.6699815 -0.4788037 -0.5860481 0 0 0 1 -2.127193E-06 1.000001 -4.074707E-05 -1.040639 -1.670489E-06 4.074707E-05 1.000001 -0.1406876 1 2.127259E-06 1.670406E-06 -2.355819E-07 0 0 0 1 -1.846725E-05 0.9999667 -0.01461401 -1.080711 -1.701433E-06 0.01461401 0.9999666 -0.1564579 1 1.849118E-05 1.431256E-06 -1.792083E-05 0 0 0 1 1 1.493383E-05 1.483244E-06 -1.970442E-05 1.483493E-06 -6.390464E-07 -1.000146 0.2577657 -1.493414E-05 1.000146 -6.465477E-07 -1.518043 0 0 0 1 1 1.493383E-05 1.483244E-06 -1.422391E-05 1.483493E-06 -6.390464E-07 -1.000146 0.7106549 -1.493414E-05 1.000146 -6.465477E-07 -1.049773 0 0 0 1 1 -1.430203E-06 1.670551E-06 4.010419E-06 1.670537E-06 -7.981252E-06 -1.000001 -0.0963401 1.430214E-06 1.000001 -7.981245E-06 -0.7889283 0 0 0 1 -0.5508645 0.1388021 0.8230773 -0.5136408 0.6023712 0.7487719 0.2769186 -0.5572017 -0.5778052 0.6482663 -0.4960693 -0.5845166 0 0 0 1 -0.5341663 0.1592748 0.8303828 -0.7411031 0.6172605 0.74471 0.2542663 -0.5371111 -0.5778052 0.6482662 -0.4960693 -0.5845165 0 0 0 1 -0.4890028 0.176178 0.8545121 -0.8555061 -0.5712712 0.6757272 -0.4662653 -0.6230078 -0.6594586 -0.7160539 -0.2297898 0.4780982 0 0 0 1 -0.5035785 0.1934743 0.8422334 -0.962127 0.6585267 0.7171809 0.2290309 -0.5280628 -0.5596032 0.6698127 -0.488491 -0.5758032 0 0 0 1 -1.190363E-06 -7.114925E-06 -1 -0.1103068 5.707768E-07 1 -7.114926E-06 -0.3364947 1 -5.707853E-07 -1.190359E-06 9.462826E-07 0 0 0 1</float_array>
          <technique_common>
            <accessor source="#yadoran_00_1_0_ctrl_poses_array_id" count="22" stride="16">
              <param name="TRANSFORM" type="float4x4" />
            </accessor>
          </technique_common>
        </source>
        <source id="yadoran_00_1_0_ctrl_weights_id" name="yadoran_00_1_0_ctrl_weights">
          <float_array id="yadoran_00_1_0_ctrl_weights_array_id" count="1">1</float_array>
          <technique_common>
            <accessor source="#yadoran_00_1_0_ctrl_weights_array_id" count="1" stride="1">
              <param name="WEIGHT" type="float" />
            </accessor>
          </technique_common>
        </source>
        <joints>
          <input semantic="JOINT" source="#yadoran_00_1_0_ctrl_names_id" />
          <input semantic="INV_BIND_MATRIX" source="#yadoran_00_1_0_ctrl_poses_id" />
        </joints>
        <vertex_weights count="18">
          <input semantic="JOINT" source="#yadoran_00_1_0_ctrl_names_id" offset="0" />
          <input semantic="WEIGHT" source="#yadoran_00_1_0_ctrl_weights_id" offset="1" />
          <vcount>1 1 1 1 1 1 1 1 1 1 1 1 1 1 1 1 1 1</vcount>
          <v>13 0 13 0 13 0 13 0 13 0 13 0 13 0 13 0 13 0 13 0 13 0 13 0 21 0 21 0 21 0 21 0 21 0 21 0</v>
        </vertex_weights>
      </skin>
    </controller>
  </library_controllers>
  <library_visual_scenes>
    <visual_scene id="yadoran_00_00_id" name="yadoran_00_00">
      <node id="root_bone_id" name="root" sid="root" type="JOINT">
        <translate sid="translate">0 0 0</translate>
        <rotate sid="rotateZ">0 0 1 0</rotate>
        <rotate sid="rotateY">0 1 0 0</rotate>
        <rotate sid="rotateX">1 0 0 0</rotate>
        <scale sid="scale">1 1 1</scale>
        <node id="PG_root_bone_id" name="PG_root" sid="PG_root" type="JOINT">
          <translate sid="translate">0 0 0</translate>
          <rotate sid="rotateZ">0 0 1 0</rotate>
          <rotate sid="rotateY">0 1 0 0</rotate>
          <rotate sid="rotateX">1 0 0 -90.00021</rotate>
          <scale sid="scale">1 1 1</scale>
          <node id="Pelvis_bone_id" name="Pelvis" sid="Pelvis" type="JOINT">
            <translate sid="translate">0 -0.140813 0.272572</translate>
            <rotate sid="rotateZ">0 0 1 0</rotate>
            <rotate sid="rotateY">0 1 0 -90.00021</rotate>
            <rotate sid="rotateX">1 0 0 -179.9999</rotate>
            <scale sid="scale">1 1 1</scale>
            <node id="L_Thigh_bone_id" name="L_Thigh" sid="L_Thigh" type="JOINT">
              <translate sid="translate">0 0 0.382403</translate>
              <rotate sid="rotateZ">0 0 1 168.7853</rotate>
              <rotate sid="rotateY">0 1 0 -0.4145052</rotate>
              <rotate sid="rotateX">1 0 0 179.5231</rotate>
              <scale sid="scale">1 1 1</scale>
              <node id="L_Calf_bone_id" name="L_Calf" sid="L_Calf" type="JOINT">
                <translate sid="translate">0.175765 0 0</translate>
                <rotate sid="rotateZ">0 0 1 -21.60939</rotate>
                <rotate sid="rotateY">0 1 0 -0.6261397</rotate>
                <rotate sid="rotateX">1 0 0 0.09332853</rotate>
                <scale sid="scale">1 1 1</scale>
              </node>
            </node>
            <node id="R_Thigh_bone_id" name="R_Thigh" sid="R_Thigh" type="JOINT">
              <translate sid="translate">0 0 -0.382403</translate>
              <rotate sid="rotateZ">0 0 1 168.7785</rotate>
              <rotate sid="rotateY">0 1 0 -0.003097536</rotate>
              <rotate sid="rotateX">1 0 0 -179.4813</rotate>
              <scale sid="scale">1 1 1</scale>
              <node id="R_Calf_bone_id" name="R_Calf" sid="R_Calf" type="JOINT">
                <translate sid="translate">0.175765 0 0</translate>
                <rotate sid="rotateZ">0 0 1 -21.61626</rotate>
                <rotate sid="rotateY">0 1 0 -0.194848</rotate>
                <rotate sid="rotateX">1 0 0 0.06327574</rotate>
                <scale sid="scale">1 1 1</scale>
              </node>
            </node>
            <node id="Spine_bone_id" name="Spine" sid="Spine" type="JOINT">
              <translate sid="translate">0.40494 -7.34737E-05 0</translate>
              <rotate sid="rotateZ">0 0 1 -0.002131019</rotate>
              <rotate sid="rotateY">0 1 0 -8.196219E-05</rotate>
              <rotate sid="rotateX">1 0 0 -0.0002458866</rotate>
              <scale sid="scale">1 1 1</scale>
              <node id="L_UpperArm_bone_id" name="L_UpperArm" sid="L_UpperArm" type="JOINT">
                <translate sid="translate">0.189764 0.146314 0.285008</translate>
                <rotate sid="rotateZ">0 0 1 80.43009</rotate>
                <rotate sid="rotateY">0 1 0 -33.42413</rotate>
                <rotate sid="rotateX">1 0 0 -133.8069</rotate>
                <scale sid="scale">1 1 1</scale>
                <node id="L_Forearm_bone_id" name="L_Forearm" sid="L_Forearm" type="JOINT">
                  <translate sid="translate">0.212442 0 0</translate>
                  <rotate sid="rotateZ">0 0 1 1.570151</rotate>
                  <rotate sid="rotateY">0 1 0 0</rotate>
                  <rotate sid="rotateX">1 0 0 0</rotate>
                  <scale sid="scale">1 1 1</scale>
                  <node id="L_Hand_bone_id" name="L_Hand" sid="L_Hand" type="JOINT">
                    <translate sid="translate">0.106406 0 0</translate>
                    <rotate sid="rotateZ">0 0 1 2.671124</rotate>
                    <rotate sid="rotateY">0 1 0 -1.552962</rotate>
                    <rotate sid="rotateX">1 0 0 -88.23379</rotate>
                    <scale sid="scale">1 1 1</scale>
                    <node id="PT_L_hand_bone_id" name="PT_L_hand" sid="PT_L_hand" type="JOINT">
                      <translate sid="translate">0.0914767 -0.02179 0.0489595</translate>
                      <rotate sid="rotateZ">0 0 1 0.7669441</rotate>
                      <rotate sid="rotateY">0 1 0 0.003343999</rotate>
                      <rotate sid="rotateX">1 0 0 -90.27294</rotate>
                      <scale sid="scale">1 1 1</scale>
                    </node>
                  </node>
                </node>
              </node>
              <node id="PG_Neck_bone_id" name="PG_Neck" sid="PG_Neck" type="JOINT">
                <translate sid="translate">0.363132 -7.72294E-05 0</translate>
                <rotate sid="rotateZ">0 0 1 0</rotate>
                <rotate sid="rotateY">0 1 0 0</rotate>
                <rotate sid="rotateX">1 0 0 0</rotate>
                <scale sid="scale">1 1 1</scale>
                <node id="Head_bone_id" name="Head" sid="Head" type="JOINT">
                  <translate sid="translate">0.0421579 -4.80623E-06 0</translate>
                  <rotate sid="rotateZ">0 0 1 -0.8349485</rotate>
                  <rotate sid="rotateY">0 1 0 0.0009377085</rotate>
                  <rotate sid="rotateX">1 0 0 0</rotate>
                  <scale sid="scale">1 1 1</scale>
                  <node id="PT_head_bone_id" name="PT_head" sid="PT_head" type="JOINT">
                    <translate sid="translate">0.433294 0.123442 7.1696E-06</translate>
                    <rotate sid="rotateZ">0 0 1 0</rotate>
                    <rotate sid="rotateY">0 1 0 -90.00021</rotate>
                    <rotate sid="rotateX">1 0 0 -179.1628</rotate>
                    <scale sid="scale">1 1 1</scale>
                  </node>
                  <node id="PT_mouth_bone_id" name="PT_mouth" sid="PT_mouth" type="JOINT">
                    <translate sid="translate">-0.0415099 0.569408 0</translate>
                    <rotate sid="rotateZ">0 0 1 0</rotate>
                    <rotate sid="rotateY">0 1 0 -90.00021</rotate>
                    <rotate sid="rotateX">1 0 0 -179.1628</rotate>
                    <scale sid="scale">1 1 1</scale>
                  </node>
                </node>
              </node>
              <node id="PT_center_bone_id" name="PT_center" sid="PT_center" type="JOINT">
                <translate sid="translate">0.111424 -0.237079 -1.43941E-06</translate>
                <rotate sid="rotateZ">0 0 1 0</rotate>
                <rotate sid="rotateY">0 1 0 -90.00021</rotate>
                <rotate sid="rotateX">1 0 0 -179.9981</rotate>
                <scale sid="scale">1 1 1</scale>
              </node>
              <node id="R_UpperArm_bone_id" name="R_UpperArm" sid="R_UpperArm" type="JOINT">
                <translate sid="translate">0.189764 0.146314 -0.285008</translate>
                <rotate sid="rotateZ">0 0 1 80.43009</rotate>
                <rotate sid="rotateY">0 1 0 33.42418</rotate>
                <rotate sid="rotateX">1 0 0 133.8074</rotate>
                <scale sid="scale">1 1 1</scale>
                <node id="R_Forearm_bone_id" name="R_Forearm" sid="R_Forearm" type="JOINT">
                  <translate sid="translate">0.212442 0 0</translate>
                  <rotate sid="rotateZ">0 0 1 1.57038</rotate>
                  <rotate sid="rotateY">0 1 0 0</rotate>
                  <rotate sid="rotateX">1 0 0 0</rotate>
                  <scale sid="scale">1 1 1</scale>
                  <node id="R_Hand_bone_id" name="R_Hand" sid="R_Hand" type="JOINT">
                    <translate sid="translate">0.106406 0 0</translate>
                    <rotate sid="rotateZ">0 0 1 2.671124</rotate>
                    <rotate sid="rotateY">0 1 0 1.552968</rotate>
                    <rotate sid="rotateX">1 0 0 88.23379</rotate>
                    <scale sid="scale">1 1 1</scale>
                    <node id="PT_R_hand_bone_id" name="PT_R_hand" sid="PT_R_hand" type="JOINT">
                      <translate sid="translate">0.0914767 -0.0217902 -0.0489594</translate>
                      <rotate sid="rotateZ">0 0 1 1.474375</rotate>
                      <rotate sid="rotateY">0 1 0 -0.0027576</rotate>
                      <rotate sid="rotateX">1 0 0 -89.90567</rotate>
                      <scale sid="scale">1 1 1</scale>
                    </node>
                  </node>
                </node>
              </node>
            </node>
            <node id="Tail_bone_id" name="Tail" sid="Tail" type="JOINT">
              <translate sid="translate">0.0639223 -0.251121 0</translate>
              <rotate sid="rotateZ">0 0 1 -90.00021</rotate>
              <rotate sid="rotateY">0 1 0 -8.196219E-05</rotate>
              <rotate sid="rotateX">1 0 0 0.0002365548</rotate>
              <scale sid="scale">1 1 1</scale>
            </node>
          </node>
        </node>
      </node>
      <node id="yadoran_00_0_0_node_id" name="yadoran_00_0_0_node" type="NODE">
        <matrix>1 0 0 0 0 1 0 0 0 0 1 0 0 0 0 1</matrix>
        <instance_controller url="#yadoran_00_0_0_ctrl_id">
          <skeleton>#root_bone_id</skeleton>
          <bind_material>
            <technique_common>
              <instance_material symbol="Mdl_0_Mtl_body" target="#body_mat_id" />
            </technique_common>
          </bind_material>
        </instance_controller>
      </node>
      <node id="yadoran_00_1_0_node_id" name="yadoran_00_1_0_node" type="NODE">
        <matrix>1 0 0 0 0 1 0 0 0 0 1 0 0 0 0 1</matrix>
        <instance_controller url="#yadoran_00_1_0_ctrl_id">
          <skeleton>#root_bone_id</skeleton>
          <bind_material>
            <technique_common>
              <instance_material symbol="Mdl_0_Mtl_eye" target="#eye_mat_id" />
            </technique_common>
          </bind_material>
        </instance_controller>
      </node>
    </visual_scene>
  </library_visual_scenes>
  <scene>
    <instance_visual_scene url="#yadoran_00_00_id" />
  </scene>
</COLLADA>